symbol,sig_ts,ent_ts,ex_ts,entry,atr,stop_pct,sl,tp,px_pess,exit_pess,px_opt,exit_opt,px_4h,exit_4h,fund_sum,fund_n,fund_ok,gaps_1h,step_size,atr_rank,volratio,mom180,qvol_30d,ambiguous
BTCUSDT,1728216000000,1728230400000,1728316800000,62690.4,487.8999999999999,0.007782690810714239,62202.5,64642.0,63620.1,TIME,63620.1,TIME,63620.1,TIME,3.6209999999999994e-05,2,True,0,0.001,0.014,1.2264517188175323,0.16045840498610753,13968639218.26738,False
BTCUSDT,1728230400000,1728244800000,1728331200000,62601.4,492.9357142857142,0.007874196332441673,62108.46428571429,64573.142857142855,63349.4,TIME,63349.4,TIME,63349.4,TIME,5.798e-05,3,True,0,0.001,0.018,1.1739106782591864,0.16978695812225664,13840028767.535025,False
BTCUSDT,1728259200000,1728273600000,1728298800000,63494.5,481.2642857142855,0.007579621632019868,63013.235714285714,65419.55714285714,63013.235714285714,SL,63013.235714285714,SL,63013.235714285714,SL,-9.52e-06,1,True,0,0.001,0.012,1.0582256882110075,0.18043399046648778,13846632460.967941,False
BTCUSDT,1728302400000,1728316800000,1728327600000,63620.1,596.8357142857141,0.009381244516838453,63023.264285714286,66007.44285714286,63023.264285714286,SL,63023.264285714286,SL,63023.264285714286,SL,2.177e-05,1,True,0,0.001,0.062,1.0180645680621512,0.16208129819934025,14058316685.034012,False
BTCUSDT,1728662400000,1728676800000,1728763200000,63042.3,919.3857142857139,0.014583632168967723,62122.91428571429,66719.84285714285,62966.2,TIME,62966.2,TIME,62966.2,TIME,0.00010733,3,True,0,0.001,0.448,1.1044834278140632,0.09522957424223732,14176143953.006752,False
BTCUSDT,1728734400000,1728748800000,1728831600000,63124.9,834.9642857142852,0.013227177955359696,62289.93571428572,66464.75714285714,62289.93571428572,SL,62289.93571428572,SL,62289.93571428572,SL,2.331e-05,2,True,0,0.001,0.322,1.0758044245983323,0.09835554991030437,13992945611.518246,False
BTCUSDT,1728864000000,1728878400000,1728964800000,64280.8,658.0357142857148,0.010236893664760159,63622.764285714286,66912.94285714286,65382.2,TIME,65382.2,TIME,65382.2,TIME,0.00030000000000000003,3,True,0,0.001,0.104,1.066208072199783,0.06619782552806819,13711798201.702023,False
BTCUSDT,1728878400000,1728892800000,1728979200000,64599.5,665.7428571428572,0.010305696749090276,63933.75714285714,67262.47142857143,65638.4,TIME,65638.4,TIME,65638.4,TIME,0.00030000000000000003,3,True,0,0.001,0.108,1.0672098940096963,0.07468258404535644,13812163266.202759,False
BTCUSDT,1728892800000,1728907200000,1728993600000,64899.5,688.3714285714284,0.010606729305640697,64211.12857142857,67652.9857142857,65385.3,TIME,65385.3,TIME,65385.3,TIME,0.00030000000000000003,3,True,0,0.001,0.128,1.067539067770306,0.08745643431635397,13888663336.370548,False
BTCUSDT,1728907200000,1728921600000,1729008000000,65850.9,790.1571428571426,0.011999185172216974,65060.74285714285,69011.52857142857,65060.74285714285,SL,65060.74285714285,SL,65060.74285714285,SL,0.00030000000000000003,3,True,0,0.001,0.216,1.0866511548572055,0.10044769310211699,14065071762.996548,False
BTCUSDT,1729252800000,1729267200000,1729353600000,68710.0,849.5071428571391,0.012363660935193409,67860.49285714286,72108.02857142856,68206.9,TIME,68206.9,TIME,68206.9,TIME,0.00030000000000000003,3,True,0,0.001,0.262,1.0603146142039368,0.15673205937363743,14904391026.5382,False
BTCUSDT,1729267200000,1729281600000,1729368000000,68582.3,788.7928571428534,0.011501405714635605,67793.50714285715,71737.47142857141,68162.5,TIME,68162.5,TIME,68162.5,TIME,0.00030000000000000003,3,True,0,0.001,0.176,1.0623644893194446,0.14256987968266355,14689243552.431335,False
BTCUSDT,1730160000000,1730174400000,1730260800000,70927.4,741.2357142857145,0.010450625770657243,70186.16428571427,73892.34285714285,72249.9,TIME,72249.9,TIME,72249.9,TIME,0.00030000000000000003,3,True,0,0.001,0.176,1.0406086445362495,0.07822704221241183,14602748563.485516,False
BTCUSDT,1730203200000,1730217600000,1730296800000,72374.9,866.9071428571426,0.011978008161077152,71507.99285714285,75842.52857142857,71507.99285714285,SL,71507.99285714285,SL,71507.99285714285,SL,0.00030000000000000003,3,True,0,0.001,0.314,1.0966829134741856,0.10126141205112593,14883043394.961536,False
BTCUSDT,1730217600000,1730232000000,1730296800000,72534.6,945.2285714285712,0.013031416336873314,71589.37142857144,76315.5142857143,71589.37142857144,SL,71589.37142857144,SL,71589.37142857144,SL,0.0002,2,True,0,0.001,0.452,1.0765053219857714,0.10014667894300144,15124651377.340044,False
BTCUSDT,1731196800000,1731211200000,1731261600000,77204.0,785.9928571428557,0.010180727127387903,76418.00714285714,80347.97142857143,80347.97142857143,TP,80347.97142857143,TP,80347.97142857143,TP,0.00039716,2,True,0,0.001,0.146,1.4534569250638851,0.2745696899258081,16691512082.795227,False
BTCUSDT,1731211200000,1731225600000,1731312000000,78858.2,880.3214285714275,0.011163346723250436,77977.87857142856,82379.4857142857,81147.8,TIME,81147.8,TIME,81147.8,TIME,0.00060991,3,True,0,0.001,0.244,1.453097367275259,0.3003612930035138,16947801279.955221,False
BTCUSDT,1731225600000,1731240000000,1731272400000,79926.7,919.3214285714275,0.01150205661651773,79007.37857142856,83603.9857142857,79007.37857142856,SL,79007.37857142856,SL,79007.37857142856,SL,0.00014113,1,True,0,0.001,0.274,1.4471942451359812,0.307273470722931,17018278986.131332,False
BTCUSDT,1731240000000,1731254400000,1731276000000,79735.1,951.3999999999994,0.011932009867674329,78783.70000000001,83540.7,78783.70000000001,SL,78783.70000000001,SL,78783.70000000001,SL,0.0,0,True,0,0.001,0.336,1.4483463521099098,0.2815439261949919,16982169159.496132,False
BTCUSDT,1731254400000,1731268800000,1731276000000,79793.4,1039.885714285714,0.013032227155199728,78753.51428571428,83952.94285714284,78753.51428571428,SL,78753.51428571428,SL,78753.51428571428,SL,0.0,0,True,0,0.001,0.486,1.4284856692716035,0.2657100617996775,17025326181.996534,False
BTCUSDT,1731902400000,1731916800000,1731931200000,91795.9,1140.2357142857134,0.01242142311678096,90655.66428571429,96356.84285714285,90655.66428571429,SL,90655.66428571429,SL,90655.66428571429,SL,0.0,0,True,0,0.001,0.378,1.1408706604327798,0.3434417940285883,21737910070.39946,False
BTCUSDT,1745582400000,1745596800000,1745683200000,94999.8,1263.3642857142872,0.013298599425622866,93736.43571428572,100053.25714285715,94325.0,TIME,94325.0,TIME,94325.0,TIME,-0.00012738999999999998,3,True,0,0.001,0.428,1.1876477587260599,0.09576928356146541,19729611134.562523,False
BTCUSDT,1746187200000,1746201600000,1746255600000,97270.1,1060.585714285713,0.010903512120227212,96209.5142857143,101512.44285714286,96209.5142857143,SL,96209.5142857143,SL,96209.5142857143,SL,-0.00014642,2,True,0,0.001,0.238,1.0064837416320846,0.12179288313275949,19286694691.77629,False
BTCUSDT,1746662400000,1746676800000,1746741600000,99098.0,1169.7071428571446,0.011803539353540381,97928.29285714285,103776.82857142857,103776.82857142857,TP,103776.82857142857,TP,103776.82857142857,TP,0.00010336,2,True,0,0.001,0.394,1.1400330994540673,0.24075238014153144,16675631166.544853,False
BTCUSDT,1746676800000,1746691200000,1746741600000,99212.1,1122.8000000000009,0.011317167966407332,98089.3,103703.3,103703.3,TP,103703.3,TP,103703.3,TP,0.00010336,2,True,0,0.001,0.324,1.1543543161859067,0.24875705802241943,16715719052.950775,False
BTCUSDT,1746691200000,1746705600000,1746741600000,99369.9,1106.0714285714296,0.011130849770115796,98263.82857142856,103794.18571428572,103794.18571428572,TP,103794.18571428572,TP,103794.18571428572,TP,5.728e-05,1,True,0,0.001,0.288,1.1541202277272506,0.24290397587483148,16731462508.16956,False
BTCUSDT,1746705600000,1746720000000,1746806400000,100730.9,1256.7928571428577,0.0124767361072209,99474.10714285713,105758.07142857142,102853.0,TIME,102853.0,TIME,102853.0,TIME,0.00030106,4,True,0,0.001,0.462,1.179817427562988,0.28384909508029565,16764068222.10799,False
BTCUSDT,1746720000000,1746734400000,1746820800000,101254.3,1288.528571428571,0.012725667664766543,99965.77142857143,106408.41428571429,103145.5,TIME,103145.5,TIME,103145.5,TIME,0.00024378,3,True,0,0.001,0.478,1.1806803780258446,0.3178992581023037,16657332854.960522,False
BTCUSDT,1746907200000,1746921600000,1746932400000,104788.8,1249.885714285717,0.011927665115792118,103538.91428571429,109788.34285714287,103538.91428571429,SL,103538.91428571429,SL,103538.91428571429,SL,0.0,0,True,0,0.001,0.394,1.197780591166674,0.3171007614359944,15492277453.535654,False
BTCUSDT,1747008000000,1747022400000,1747062000000,104064.0,1085.0,0.010426276137761377,102979.0,108404.0,102979.0,SL,102979.0,SL,102979.0,SL,0.0001,1,True,0,0.001,0.196,1.1398631139972735,0.25468559915987754,15220171227.782848,False
BTCUSDT,1747022400000,1747036800000,1747062000000,104426.3,1192.2000000000003,0.011416664192832651,103234.1,109195.1,103234.1,SL,103234.1,SL,103234.1,SL,0.0,0,True,0,0.001,0.314,1.1381618612041793,0.24784251494286935,15342570131.678593,False
BTCUSDT,1747612800000,1747627200000,1747638000000,103569.5,1229.528571428573,0.011871531400929551,102339.97142857143,108487.6142857143,102339.97142857143,SL,102339.97142857143,SL,102339.97142857143,SL,0.0,0,True,0,0.001,0.364,1.0804849483663383,0.22068517643287233,15834741834.05877,False
BTCUSDT,1747828800000,1747843200000,1747850400000,108936.6,1433.6928571428568,0.013160800476082939,107502.90714285715,114671.37142857144,107502.90714285715,SL,107502.90714285715,SL,107502.90714285715,SL,5.119e-05,1,True,0,0.001,0.478,1.1993020492708537,0.23795248495978316,17056554474.098927,False
BTCUSDT,1749384000000,1749398400000,1749484800000,105917.6,754.3285714285729,0.007121843503143697,105163.27142857143,108934.9142857143,107564.3,TIME,107564.3,TIME,107564.3,TIME,1.86e-05,2,True,0,0.001,0.04,1.0021755078811048,0.02979595130521373,18540025527.85324,False
BTCUSDT,1749456000000,1749470400000,1749477600000,107707.8,711.8714285714315,0.006609283901179222,106995.92857142857,110555.28571428572,106995.92857142857,SL,106995.92857142857,SL,106995.92857142857,SL,0.0,0,True,0,0.001,0.028,1.0937282647433895,0.04191842096607856,18614560937.78756,False
BTCUSDT,1749470400000,1749484800000,1749506400000,107564.3,746.414285714288,0.006939238071686312,106817.88571428572,110549.95714285715,110549.95714285715,TP,110549.95714285715,TP,110549.95714285715,TP,3.057e-05,1,True,0,0.001,0.048,1.0955178460194839,0.04327436941454432,18724393161.02398,False
BTCUSDT,1749484800000,1749499200000,1749585600000,108515.1,792.0142857142886,0.007298655078549331,107723.08571428571,111683.15714285716,109460.1,TIME,109460.1,TIME,109460.1,TIME,0.00024539,3,True,0,0.001,0.066,1.105031798895352,0.052026881605760966,18787741233.753525,False
BTCUSDT,1749499200000,1749513600000,1749535200000,110228.0,906.7428571428599,0.008226066490754254,109321.25714285714,113854.97142857144,109321.25714285714,SL,109321.25714285714,SL,109321.25714285714,SL,0.0,0,True,0,0.001,0.112,1.152809867670381,0.0519053562976195,18854169296.459743,False
BTCUSDT,1752076800000,1752091200000,1752094800000,111718.8,978.3428571428584,0.008757190885892602,110740.45714285715,115632.17142857144,110740.45714285715,SL,110740.45714285715,SL,110740.45714285715,SL,0.0,0,True,0,0.001,0.252,1.0794203606534738,0.029523080198055274,15089694858.441141,False
BTCUSDT,1752163200000,1752177600000,1752213600000,113246.1,1105.857142857143,0.009765079264161352,112140.24285714286,117669.52857142857,117669.52857142857,TP,117669.52857142857,TP,117669.52857142857,TP,0.0001,1,True,0,0.001,0.386,1.1837453523652783,0.03458889091905726,15101362083.43971,False
BTCUSDT,1752408000000,1752422400000,1752472800000,118610.6,896.8428571428574,0.00756123699857228,117713.75714285715,122197.97142857143,122197.97142857143,TP,122197.97142857143,TP,122197.97142857143,TP,0.00018051,2,True,0,0.001,0.12,1.2640279446387785,0.12542424987119505,14766842177.571573,False
BTCUSDT,1752451200000,1752465600000,1752508800000,120733.2,955.721428571429,0.0079159786087955,119777.47857142857,124556.08571428571,119777.47857142857,SL,119777.47857142857,SL,119777.47857142857,SL,0.0002,2,True,0,0.001,0.162,1.251574799839483,0.14776964218828126,14843496436.781433,False
BTCUSDT,1752465600000,1752480000000,1752490800000,122731.0,1087.2500000000011,0.008858805028884318,121643.75,127080.0,121643.75,SL,121643.75,SL,121643.75,SL,0.0,0,True,0,0.001,0.252,1.2663945301573336,0.16858731865049403,15036345715.943947,False
BTCUSDT,1754553600000,1754568000000,1754654400000,116469.1,1104.7142857142846,0.009485041832677376,115364.38571428572,120887.95714285715,116840.6,TIME,116840.6,TIME,116840.6,TIME,0.00010407,3,True,0,0.001,0.404,1.0185817895463039,0.07134374790158682,16106608578.65744,False
BTCUSDT,1754726400000,1754740800000,1754827200000,117065.0,957.6214285714304,0.008180253949271177,116107.37857142856,120895.48571428572,118295.9,TIME,118295.9,TIME,118295.9,TIME,0.00025,3,True,0,0.001,0.212,1.1019787434251265,0.0549029396551568,15982292609.108196,False
BTCUSDT,1754784000000,1754798400000,1754812800000,118480.0,842.942857142858,0.007114642615993062,117637.05714285714,121851.77142857143,117637.05714285714,SL,117637.05714285714,SL,117637.05714285714,SL,0.0,0,True,0,0.001,0.108,1.190915565604842,0.014041484258320303,15407635608.530907,False
BTCUSDT,1754798400000,1754812800000,1754881200000,117770.0,897.1000000000006,0.0076173898276301315,116872.9,121358.40000000001,121358.40000000001,TP,121358.40000000001,TP,121358.40000000001,TP,0.00030000000000000003,3,True,0,0.001,0.164,1.2010148687144366,0.002104274323173394,15297914371.462997,False
BTCUSDT,1754827200000,1754841600000,1754888400000,118766.0,918.1999999999991,0.007731168853038741,117847.8,122438.8,122438.8,TP,122438.8,TP,122438.8,TP,0.0002,2,True,0,0.001,0.178,1.024694206979637,0.015872852947943716,15165962500.603529,False
BTCUSDT,1754856000000,1754870400000,1754949600000,119255.3,903.8857142857129,0.007579417554487833,118351.41428571429,122870.84285714285,118351.41428571429,SL,118351.41428571429,SL,118351.41428571429,SL,0.0002,2,True,0,0.001,0.162,1.0169903188804976,0.014938723404255283,15117557186.022923,False
BTCUSDT,1754870400000,1754884800000,1754913600000,121700.1,1068.2714285714267,0.008777900992451335,120631.82857142857,125973.18571428572,120631.82857142857,SL,120631.82857142857,SL,120631.82857142857,SL,0.0001,1,True,0,0.001,0.306,1.0886247636183597,0.033722075936464924,15324110661.096851,False
BTCUSDT,1754884800000,1754899200000,1754913600000,121534.9,1091.5714285714264,0.008981547099404586,120443.32857142857,125901.1857142857,120443.32857142857,SL,120443.32857142857,SL,120443.32857142857,SL,0.0,0,True,0,0.001,0.362,1.086853879961809,0.03267150821184872,15398747077.126987,False
BTCUSDT,1755129600000,1755144000000,1755151200000,123405.1,1222.7214285714279,0.00990819203235059,122182.37857142858,128295.98571428572,122182.37857142858,SL,122182.37857142858,SL,122182.37857142858,SL,0.0,0,True,0,0.001,0.474,1.1160243349845764,0.05286274456271345,15642693632.30511,False
BTCUSDT,1759089600000,1759104000000,1759125600000,112119.7,604.9214285714281,0.005395317937627626,111514.77857142857,114539.38571428572,111514.77857142857,SL,111514.77857142857,SL,111514.77857142857,SL,0.0,0,True,0,0.001,0.042,1.1447523792113492,0.03495907041660673,11678754586.42276,False
BTCUSDT,1759132800000,1759147200000,1759176000000,112052.0,557.471428571428,0.004975113595218541,111494.52857142857,114281.88571428572,114281.88571428572,TP,114281.88571428572,TP,114281.88571428572,TP,3.2e-07,1,True,0,0.001,0.022,1.0978667852629571,0.031419771609722424,11720119160.91488,False
BTCUSDT,1759147200000,1759161600000,1759226400000,113752.0,695.5999999999996,0.006115057317673532,113056.4,116534.4,113056.4,SL,113056.4,SL,113056.4,SL,8.278e-05,3,True,0,0.001,0.094,1.17079990278741,0.04542054116449057,11854943809.024874,False
BTCUSDT,1759161600000,1759176000000,1759222800000,114204.9,732.5928571428564,0.006414723511362966,113472.30714285714,117135.27142857142,113472.30714285714,SL,113472.30714285714,SL,113472.30714285714,SL,8.245999999999999e-05,2,True,0,0.001,0.116,1.1775255066864998,0.0499717751499964,11901653912.413647,False
BTCUSDT,1759176000000,1759190400000,1759222800000,114257.1,740.9785714285701,0.0064851862285019496,113516.12142857144,117221.0142857143,113516.12142857144,SL,113516.12142857144,SL,113516.12142857144,SL,8.245999999999999e-05,2,True,0,0.001,0.118,1.1789927222494305,0.050563683189911,11931694805.320381,False
BTCUSDT,1759190400000,1759204800000,1759219200000,114321.5,784.2214285714269,0.006859789528403905,113537.27857142857,117458.3857142857,113537.27857142857,SL,113537.27857142857,SL,113537.27857142857,SL,0.0,0,True,0,0.001,0.144,1.1529121198862147,0.047136076442128916,11951085606.310837,False
BTCUSDT,1759305600000,1759320000000,1759406400000,116736.8,1033.3285714285698,0.008851780855981746,115703.47142857143,120870.11428571428,118716.1,TIME,118716.1,TIME,118716.1,TIME,0.00027784,3,True,0,0.001,0.398,1.030134533278659,0.07371927826868374,12148131600.69425,False
BTCUSDT,1759320000000,1759334400000,1759420800000,117366.5,1103.1357142857128,0.00939906799883879,116263.36428571428,121779.04285714285,119875.1,TIME,119875.1,TIME,119875.1,TIME,0.00027327000000000004,3,True,0,0.001,0.486,1.029554086411276,0.07935036509775784,12194161916.452477,False
BTCUSDT,1759348800000,1759363200000,1759449600000,118552.0,1111.6999999999982,0.009377319657196827,117440.3,122998.79999999999,120481.3,TIME,120481.3,TIME,120481.3,TIME,0.00019543000000000002,2,True,0,0.001,0.474,1.049965890271889,0.08576499776989932,12256808461.59225,False
BTCUSDT,1759363200000,1759377600000,1759464000000,118697.0,1124.3285714285698,0.009472257693358466,117572.67142857143,123194.31428571428,120185.4,TIME,120185.4,TIME,120185.4,TIME,0.00029469,3,True,0,0.001,0.494,1.0477096422002807,0.0762653464628329,12273556566.229507,False
BTCUSDT,1759622400000,1759636800000,1759662000000,123735.7,1102.6357142857148,0.008911217330856938,122633.06428571428,128146.24285714286,122633.06428571428,SL,122633.06428571428,SL,122633.06428571428,SL,0.0001,1,True,0,0.001,0.408,1.0521117758089826,0.1120620777607717,12401267121.586092,False
BTCUSDT,1761465600000,1761480000000,1761566400000,113235.1,914.3357142857151,0.008074666903510616,112320.7642857143,116892.44285714287,115302.3,TIME,115302.3,TIME,115302.3,TIME,0.00026904,3,True,0,0.001,0.244,1.1742877453827465,0.038065544645402793,17540125693.486565,False
BTCUSDT,1766361600000,1766376000000,1766433600000,88727.4,680.4428571428559,0.007668914643535773,88046.95714285714,91449.17142857141,88046.95714285714,SL,88046.95714285714,SL,88046.95714285714,SL,0.00011177999999999999,2,True,0,0.001,0.02,1.0358874286314665,0.0510980985404097,13074954830.029953,False
BTCUSDT,1766390400000,1766404800000,1766419200000,89905.2,704.5928571428552,0.007837064565151462,89200.60714285714,92723.57142857142,89200.60714285714,SL,89200.60714285714,SL,89200.60714285714,SL,0.0,0,True,0,0.001,0.026,1.0418020647262567,0.06945716590020723,13076834607.837006,False
BTCUSDT,1766404800000,1766419200000,1766433600000,89688.6,776.30714285714,0.008655583238640584,88912.29285714286,92793.82857142856,88912.29285714286,SL,88912.29285714286,SL,88912.29285714286,SL,6.654e-05,1,True,0,0.001,0.064,1.0439142301815714,0.06467956395959651,13153716620.19996,False
BTCUSDT,1774915200000,1774929600000,1774947600000,67670.8,969.528571428569,0.014327133289817306,66701.27142857143,71548.91428571427,66701.27142857143,SL,66701.27142857143,SL,66701.27142857143,SL,-1.921e-05,1,True,0,0.001,0.404,1.0057597609812499,0.0029062744999237555,13839114907.969536,False
BTCUSDT,1775822400000,1775836800000,1775923200000,72421.1,1043.7000000000003,0.014411545806401728,71377.40000000001,76595.90000000001,72817.3,TIME,72817.3,TIME,72817.3,TIME,-0.00013308,2,True,0,0.001,0.35,1.17823791063511,0.03183072624663574,12154208983.254076,False
BTCUSDT,1775851200000,1775865600000,1775952000000,72917.4,964.3714285714284,0.013225532295054795,71953.02857142857,76774.8857142857,73013.4,TIME,73013.4,TIME,73013.4,TIME,-0.00020946,3,True,0,0.001,0.278,1.0965266323660954,0.039449750534568784,12131290746.493546,False
BTCUSDT,1775923200000,1775937600000,1775959200000,73635.9,886.5357142857132,0.012039449701649782,72749.36428571428,77182.04285714285,72749.36428571428,SL,72749.36428571428,SL,72749.36428571428,SL,-8.108e-05,1,True,0,0.001,0.17,1.1736088715664201,0.04605809894919566,11894092298.827047,False
BTCUSDT,1776427200000,1776441600000,1776502800000,77736.2,1079.835714285713,0.013891027787384939,76656.36428571428,82055.54285714285,76656.36428571428,SL,76656.36428571428,SL,76656.36428571428,SL,-0.00025969000000000003,3,True,0,0.001,0.318,1.0465244047715418,0.08818753464620288,11568040474.036987,False
BTCUSDT,1776441600000,1776456000000,1776510000000,77349.2,1136.3142857142852,0.014690705084400166,76212.88571428572,81894.45714285714,76212.88571428572,SL,76212.88571428572,SL,76212.88571428572,SL,-0.0001518,2,True,0,0.001,0.378,1.0568682891340768,0.08895499526258521,11575844668.957928,False
BTCUSDT,1776816000000,1776830400000,1776916800000,77488.4,1142.3428571428594,0.014742114395740002,76346.05714285714,82057.77142857143,77704.3,TIME,77704.3,TIME,77704.3,TIME,-5.059e-05,3,True,0,0.001,0.384,1.0343008044091617,0.1387785454059145,11593684684.786667,False
BTCUSDT,1776830400000,1776844800000,1776931200000,77979.7,1135.6142857142881,0.014562947609625175,76844.08571428571,82522.15714285715,78009.1,TIME,78009.1,TIME,78009.1,TIME,-0.00012172,3,True,0,0.001,0.364,1.033780805449975,0.1416244546599128,11614395369.437424,False
BTCUSDT,1778054400000,1778068800000,1778079600000,82485.3,1070.9357142857127,0.01298335235836825,81414.36428571428,86769.04285714285,81414.36428571428,SL,81414.36428571428,SL,81414.36428571428,SL,0.0,0,True,0,0.001,0.364,1.0101122756259613,0.18541437925028292,11412857492.985188,False
ETHUSDT,1728216000000,1728230400000,1728252000000,2445.67,26.27428571428566,0.010743185186180336,2419.3957142857143,2550.7671428571425,2419.3957142857143,SL,2419.3957142857143,SL,2419.3957142857143,SL,0.0,0,True,0,0.001,0.012,1.0584340249928639,0.06843976898410675,6038814830.794507,False
ETHUSDT,1728259200000,1728273600000,1728295200000,2494.38,26.902857142857037,0.010785388410289145,2467.477142857143,2601.991428571428,2467.477142857143,SL,2467.477142857143,SL,2467.477142857143,SL,9.258e-05,1,True,0,0.001,0.018,1.0128972587970833,0.1149367744934584,5926381368.363409,False
ETHUSDT,1728907200000,1728921600000,1728972000000,2634.95,36.93928571428569,0.014018970270512037,2598.010714285714,2782.7071428571426,2598.010714285714,SL,2598.010714285714,SL,2598.010714285714,SL,0.0001,1,True,0,0.001,0.156,1.036261232368535,0.09000690833426406,6106751695.124091,False
ETHUSDT,1746662400000,1746676800000,1746720000000,1900.51,35.98142857142856,0.01893251210013552,1864.5285714285715,2044.4357142857143,2044.4357142857143,TP,2044.4357142857143,TP,2044.4357142857143,TP,0.0001,1,True,0,0.001,0.332,1.1992908027238602,0.1998409050733605,10092263027.184824,False
ETHUSDT,1746676800000,1746691200000,1746734400000,1927.81,37.22785714285713,0.019310957585476334,1890.5821428571428,2076.7214285714285,2076.7214285714285,TP,2076.7214285714285,TP,2076.7214285714285,TP,0.00018717,2,True,0,0.001,0.372,1.2046637736041155,0.22791373138511317,10149665303.169603,False
ETHUSDT,1746691200000,1746705600000,1746734400000,1956.65,38.267857142857125,0.01955784485874179,1918.382142857143,2109.7214285714285,2109.7214285714285,TP,2109.7214285714285,TP,2109.7214285714285,TP,8.717e-05,1,True,0,0.001,0.384,1.2124132443051974,0.2324888508150873,10196609493.975103,False
ETHUSDT,1749484800000,1749499200000,1749517200000,2579.46,33.194999999999936,0.012868972575655346,2546.2650000000003,2712.24,2712.24,TP,2712.24,TP,2712.24,TP,0.0001,1,True,0,0.001,0.078,1.061597738986034,0.032461424540196404,15910597818.92603,False
ETHUSDT,1749499200000,1749513600000,1749600000000,2679.13,39.41142857142852,0.014710532363651082,2639.7185714285715,2836.775714285714,2815.74,TIME,2815.74,TIME,2815.74,TIME,0.00030000000000000003,3,True,0,0.001,0.116,1.1552575597551489,0.03765042158711962,15866304400.980984,False
ETHUSDT,1749513600000,1749528000000,1749614400000,2688.26,41.77571428571423,0.015540057243612682,2646.4842857142858,2855.362857142857,2790.21,TIME,2790.21,TIME,2790.21,TIME,0.00030000000000000003,3,True,0,0.001,0.146,1.152745078557066,0.05990986906174722,15832514415.995934,False
ETHUSDT,1749542400000,1749556800000,1749564000000,2772.99,50.82857142857136,0.018329879093891922,2722.1614285714286,2976.304285714285,2722.1614285714286,SL,2722.1614285714286,SL,2722.1614285714286,SL,0.0,0,True,0,0.001,0.31,1.206773176378217,0.09632080842584667,15854805531.375214,False
ETHUSDT,1750104000000,1750118400000,1750176000000,2543.11,50.195,0.01973764406573054,2492.915,2743.8900000000003,2492.915,SL,2492.915,SL,2492.915,SL,0.0001,1,True,0,0.001,0.382,1.0096213363558504,0.02790116770206419,15902190285.8399,False
ETHUSDT,1752451200000,1752465600000,1752519600000,3036.37,46.95642857142853,0.015464659633519147,2989.4135714285712,3224.195714285714,2989.4135714285712,SL,2989.4135714285712,SL,2989.4135714285712,SL,0.0002,2,True,0,0.001,0.17,1.1588951741124822,0.19178958606451224,14094347765.453196,False
ETHUSDT,1752465600000,1752480000000,1752508800000,3043.65,44.33785714285708,0.01456733104754393,2999.312142857143,3221.0014285714283,2999.312142857143,SL,2999.312142857143,SL,2999.312142857143,SL,0.0001,1,True,0,0.001,0.112,1.1539728027002996,0.200262636937953,14191305992.532356,False
ETHUSDT,1752480000000,1752494400000,1752508800000,3051.1,45.7628571428571,0.014998806051213367,3005.3371428571427,3234.1514285714284,3005.3371428571427,SL,3005.3371428571427,SL,3005.3371428571427,SL,0.0001,1,True,0,0.001,0.138,1.154211719604184,0.2026409144659045,14301154927.53778,False
ETHUSDT,1753012800000,1753027200000,1753052400000,3785.39,75.59571428571424,0.019970389916419244,3709.7942857142857,4087.772857142857,3709.7942857142857,SL,3709.7942857142857,SL,3709.7942857142857,SL,0.0,0,True,0,0.001,0.494,1.1718601749321866,0.5187365093120853,16654576850.801643,False
ETHUSDT,1753084800000,1753099200000,1753120800000,3808.88,70.54428571428568,0.018521005049853417,3738.3357142857144,4091.057142857143,3738.3357142857144,SL,3738.3357142857144,SL,3738.3357142857144,SL,0.0001,1,True,0,0.001,0.378,1.1075203180730426,0.5600693036458144,16944325035.459866,False
ETHUSDT,1753099200000,1753113600000,1753120800000,3808.89,73.5578571428571,0.01931215055904925,3735.3321428571426,4103.121428571429,3735.3321428571426,SL,3735.3321428571426,SL,3735.3321428571426,SL,0.0001,1,True,0,0.001,0.44,1.0637647141266384,0.5723857214215831,17081561309.541555,False
ETHUSDT,1753560000000,1753574400000,1753660800000,3740.0,75.97928571428565,0.020315317035905254,3664.0207142857143,4043.9171428571426,3871.48,TIME,3871.48,TIME,3871.48,TIME,0.00028201,3,True,0,0.001,0.45,1.0187639926788716,0.5489492822649449,18139217889.203957,False
ETHUSDT,1753603200000,1753617600000,1753704000000,3814.17,70.79285714285707,0.018560488164622205,3743.377142857143,4097.341428571428,3878.59,TIME,3878.59,TIME,3878.59,TIME,0.00030000000000000003,3,True,0,0.001,0.342,1.0026586454200668,0.5591801362079254,18220705455.903797,False
ETHUSDT,1754323200000,1754337600000,1754380800000,3668.14,66.10142857142851,0.018020421404697888,3602.0385714285712,3932.545714285714,3602.0385714285712,SL,3602.0385714285712,SL,3602.0385714285712,SL,3.263e-05,2,True,0,0.001,0.294,1.0150094677067474,0.4646723180309933,21273147307.69612,False
ETHUSDT,1754337600000,1754352000000,1754366400000,3719.41,66.74714285714279,0.017945626552905648,3652.662857142857,3986.398571428571,3652.662857142857,SL,3652.662857142857,SL,3652.662857142857,SL,0.0,0,True,0,0.001,0.286,1.00947712057448,0.47874763939966214,21340772396.426014,False
ETHUSDT,1754553600000,1754568000000,1754654400000,3825.67,76.0785714285714,0.01988633923693664,3749.591428571429,4129.984285714286,3916.28,TIME,3916.28,TIME,3916.28,TIME,0.0002426,3,True,0,0.001,0.436,1.0871356684839153,0.4863396894960137,22051485254.20584,False
ETHUSDT,1754568000000,1754582400000,1754668800000,3835.15,74.81857142857136,0.01950864279847499,3760.3314285714287,4134.424285714285,3953.0,TIME,3953.0,TIME,3953.0,TIME,0.0003426,4,True,0,0.001,0.406,1.0592541120578802,0.49586751071638924,22131860158.814594,False
ETHUSDT,1754596800000,1754611200000,1754697600000,3908.4,72.36857142857139,0.018516162989604797,3836.0314285714285,4197.874285714286,4009.04,TIME,4009.04,TIME,4009.04,TIME,0.0002426,3,True,0,0.001,0.342,1.0012160082967734,0.49519696094446397,22223532833.78718,False
ETHUSDT,1754654400000,1754668800000,1754755200000,3953.0,74.11285714285711,0.01874850926963246,3878.887142857143,4249.451428571429,4207.52,TIME,4207.52,TIME,4207.52,TIME,0.0002,2,True,0,0.001,0.368,1.0284192921197477,0.48865900181139654,22442054430.834076,False
ETHUSDT,1754668800000,1754683200000,1754769600000,4060.0,79.86928571428568,0.0196722378606615,3980.1307142857145,4379.477142857143,4256.64,TIME,4256.64,TIME,4256.64,TIME,0.00030000000000000003,3,True,0,0.001,0.432,1.055959690319618,0.46911592293997595,22431372258.251163,False
ETHUSDT,1754683200000,1754697600000,1754780400000,4009.04,77.54999999999998,0.019343783050306304,3931.49,4319.24,4319.24,TP,4319.24,TP,4319.24,TP,0.00030000000000000003,3,True,0,0.001,0.402,1.0797953435152103,0.4485132059110455,22385940086.404877,False
ETHUSDT,1754755200000,1754769600000,1754816400000,4256.64,84.34214285714289,0.019814253227226845,4172.2978571428575,4594.0085714285715,4172.2978571428575,SL,4172.2978571428575,SL,4172.2978571428575,SL,0.00019916,2,True,0,0.001,0.444,1.1346806361624366,0.5123374108668697,22601045336.30216,False
ETHUSDT,1754769600000,1754784000000,1754816400000,4259.11,86.09428571428576,0.02021414936789277,4173.015714285714,4603.487142857142,4173.015714285714,SL,4173.015714285714,SL,4173.015714285714,SL,0.00019916,2,True,0,0.001,0.482,1.1487096136851633,0.4434593407487242,22488688048.54445,False
ETHUSDT,1759507200000,1759521600000,1759593600000,4517.66,76.6528571428571,0.016967380711000186,4441.007142857143,4824.271428571428,4441.007142857143,SL,4441.007142857143,SL,4441.007142857143,SL,0.00011095,3,True,0,0.001,0.312,1.0182620815960208,0.01002275969075428,16370975405.710121,False
ETHUSDT,1759838400000,1759852800000,1759881600000,4510.3,82.6385714285714,0.018322189528096,4427.661428571429,4840.854285714286,4427.661428571429,SL,4427.661428571429,SL,4427.661428571429,SL,1.254e-05,1,True,0,0.001,0.406,1.0943132272249778,0.04960020106302765,16343488322.6886,False
ETHUSDT,1766361600000,1766376000000,1766433600000,3020.18,30.536428571428523,0.010110797558896663,2989.6435714285712,3142.3257142857137,2989.6435714285712,SL,2989.6435714285712,SL,2989.6435714285712,SL,7.000000000000018e-08,2,True,0,0.001,0.004,1.0298821006684216,0.09778021714397855,12656972969.725418,False
ETHUSDT,1766404800000,1766419200000,1766430000000,3051.22,33.78499999999992,0.011072620132274932,3017.435,3186.3599999999997,3017.435,SL,3017.435,SL,3017.435,SL,-5.69e-06,1,True,0,0.001,0.016,1.0211329928552468,0.1145520561655744,12685990084.192598,False
ETHUSDT,1768334400000,1768348800000,1768435200000,3324.68,56.64428571428574,0.017037515103494397,3268.035714285714,3551.2571428571428,3353.28,TIME,3353.28,TIME,3353.28,TIME,0.00023689000000000002,3,True,0,0.001,0.358,1.1059135760607128,0.08578324112840541,10196121075.183939,False
ETHUSDT,1768406400000,1768420800000,1768449600000,3366.48,63.682142857142836,0.018916536815053953,3302.797857142857,3621.2085714285713,3302.797857142857,SL,3302.797857142857,SL,3302.797857142857,SL,5.358e-05,1,True,0,0.001,0.46,1.138233602393221,0.1455789674275525,10133462715.670826,False
ETHUSDT,1774915200000,1774929600000,1774951200000,2065.91,40.378571428571426,0.019545174489000696,2025.5314285714285,2227.4242857142854,2025.5314285714285,SL,2025.5314285714285,SL,2025.5314285714285,SL,1.748e-05,1,True,0,0.001,0.418,1.0298741936950968,0.021574551622171034,11069741810.263945,False
ETHUSDT,1775923200000,1775937600000,1775952000000,2315.25,38.67357142857145,0.016703842534746334,2276.5764285714286,2469.944285714286,2276.5764285714286,SL,2276.5764285714286,SL,2276.5764285714286,SL,8.271e-05,1,True,0,0.001,0.2,1.2455781226622797,0.1192141658972361,10185591270.722332,False
ETHUSDT,1776110400000,1776124800000,1776193200000,2368.8,48.57285714285711,0.020505258841125088,2320.227142857143,2563.0914285714284,2320.227142857143,SL,2320.227142857143,SL,2320.227142857143,SL,0.00023490000000000002,3,True,0,0.001,0.426,1.068136795460374,0.13054642122494964,10190429748.207994,False
ETHUSDT,1776168000000,1776182400000,1776193200000,2363.25,45.09785714285714,0.01908298197095404,2318.1521428571427,2543.6414285714286,2318.1521428571427,SL,2318.1521428571427,SL,2318.1521428571427,SL,3.49e-05,1,True,0,0.001,0.34,1.0720374874128429,0.12915386563334663,10377607915.668116,False
ETHUSDT,1776427200000,1776441600000,1776484800000,2440.71,41.86142857142863,0.01715133242844444,2398.8485714285716,2608.1557142857146,2398.8485714285716,SL,2398.8485714285716,SL,2398.8485714285716,SL,-5.079999999999999e-06,2,True,0,0.001,0.232,1.0691885236293037,0.1163910806174957,9813144126.673462,False
ETHUSDT,1776441600000,1776456000000,1776502800000,2426.48,43.33785714285721,0.017860380939821143,2383.142142857143,2599.8314285714287,2383.142142857143,SL,2383.142142857143,SL,2383.142142857143,SL,-3.402e-05,2,True,0,0.001,0.284,1.0755088725123017,0.11056290648127387,9792293849.495186,False
ETHUSDT,1777852800000,1777867200000,1777878000000,2384.07,23.76214285714283,0.009967049145848414,2360.3078571428573,2479.1185714285716,2360.3078571428573,SL,2360.3078571428573,SL,2360.3078571428573,SL,0.0,0,True,0,0.001,0.05,1.0154152352834032,0.16341419376247424,8738601851.405231,False
ETHUSDT,1777867200000,1777881600000,1777892400000,2361.79,25.103571428571417,0.010629044677372424,2336.6864285714287,2462.2042857142856,2336.6864285714287,SL,2336.6864285714287,SL,2336.6864285714287,SL,0.0,0,True,0,0.001,0.056,1.036515889244303,0.15056607817919643,8788222717.214582,False
SOLUSDT,1728216000000,1728230400000,1728316800000,145.903,2.169642857142855,0.014870447195347972,143.73335714285713,154.5815714285714,148.63,TIME,148.63,TIME,148.63,TIME,0.00011516,2,True,0,0.01,0.03,1.1102411850269753,0.13973253343332082,2258728147.7897663,False
SOLUSDT,1728244800000,1728259200000,1728342000000,146.399,2.006071428571423,0.013702767290564985,144.39292857142857,154.4232857142857,144.39292857142857,SL,144.39292857142857,SL,144.39292857142857,SL,8.086e-05,2,True,0,0.01,0.012,1.0542651993727767,0.17168031114205462,2221642443.1929665,False
SOLUSDT,1728259200000,1728273600000,1728295200000,149.87,2.181428571428565,0.01455547188515757,147.68857142857144,158.59571428571425,147.68857142857144,SL,147.68857142857144,SL,147.68857142857144,SL,7.543e-05,1,True,0,0.01,0.026,1.069358078760934,0.19803032846511126,2233566466.7098665,False
SOLUSDT,1728302400000,1728316800000,1728327600000,148.63,2.525285714285705,0.0169904172393575,146.1047142857143,158.73114285714283,146.1047142857143,SL,146.1047142857143,SL,146.1047142857143,SL,5.43e-06,1,True,0,0.01,0.094,1.0806324124470488,0.15436893203883506,2256337287.2832336,False
SOLUSDT,1729368000000,1729382400000,1729468800000,159.7,2.543785714285708,0.015928526701851648,157.15621428571427,169.87514285714283,167.42,TIME,167.42,TIME,167.42,TIME,0.00021913,3,True,0,0.01,0.086,1.0415224114680008,0.11819072958969334,2171290726.3466663,False
SOLUSDT,1729382400000,1729396800000,1729472400000,158.95,2.350928571428566,0.014790365343998529,156.59907142857142,168.35371428571426,168.35371428571426,TP,168.35371428571426,TP,168.35371428571426,TP,0.00021913,3,True,0,0.01,0.054,1.018645342791224,0.09923241822833817,2168965120.5122,False
SOLUSDT,1729454400000,1729468800000,1729519200000,167.42,2.6914285714285677,0.016075908322951665,164.72857142857143,178.18571428571425,164.72857142857143,SL,164.72857142857143,SL,164.72857142857143,SL,0.0001,1,True,0,0.01,0.11,1.1252818553729902,0.1418088073819963,2126783748.6792002,False
SOLUSDT,1729468800000,1729483200000,1729501200000,169.56,2.6785714285714266,0.015797189364068334,166.8814285714286,180.2742857142857,166.8814285714286,SL,166.8814285714286,SL,166.8814285714286,SL,0.0001,1,True,0,0.01,0.096,1.1259653858878758,0.16196676374850094,2140005089.4798002,False
SOLUSDT,1729483200000,1729497600000,1729504800000,168.72,2.8135714285714255,0.016675980491769948,165.90642857142856,179.9742857142857,165.90642857142856,SL,165.90642857142856,SL,165.90642857142856,SL,0.0,0,True,0,0.01,0.14,1.125997154691487,0.14486567913632942,2148198781.6098666,False
SOLUSDT,1729800000000,1729814400000,1729832400000,177.1,3.7563571428571407,0.021210373477454213,173.34364285714287,192.12542857142856,173.34364285714287,SL,173.34364285714287,SL,173.34364285714287,SL,0.0,0,True,0,0.01,0.4,1.1466898621972177,0.15969930326365978,2256768829.1753664,False
SOLUSDT,1730102400000,1730116800000,1730127600000,176.87,2.8551428571428596,0.01614260675718245,174.01485714285715,188.29057142857144,174.01485714285715,SL,174.01485714285715,SL,174.01485714285715,SL,0.0,0,True,0,0.01,0.118,1.0233180099740438,0.1256419557456232,2314787880.555967,False
SOLUSDT,1730217600000,1730232000000,1730293200000,178.14,3.5387142857142897,0.019864793340711184,174.6012857142857,192.29485714285715,174.6012857142857,SL,174.6012857142857,SL,174.6012857142857,SL,0.0002,2,True,0,0.01,0.336,1.0159128333060434,0.11750313676286073,2419208923.894266,False
SOLUSDT,1739059200000,1739073600000,1739095200000,206.85,5.602142857142858,0.02708311751096378,201.24785714285713,229.25857142857143,201.24785714285713,SL,201.24785714285713,SL,201.24785714285713,SL,-4.053e-05,1,True,0,0.01,0.414,1.0064321194242343,0.09427573801714106,5492531180.515601,False
SOLUSDT,1744459200000,1744473600000,1744552800000,130.42,3.644285714285713,0.027942690647797218,126.77571428571427,144.99714285714285,126.77571428571427,SL,126.77571428571427,SL,126.77571428571427,SL,9.665e-05,2,True,0,0.01,0.422,1.1529778037076084,0.049573474971833065,3050613141.794722,False
SOLUSDT,1744488000000,1744502400000,1744531200000,132.16,3.5164285714285706,0.026607359045313035,128.64357142857142,146.22571428571428,128.64357142857142,SL,128.64357142857142,SL,128.64357142857142,SL,0.0001,1,True,0,0.01,0.352,1.1476454509910556,0.07176451508271153,3066842361.601118,False
SOLUSDT,1746100800000,1746115200000,1746169200000,151.77,3.2642857142857116,0.021508109074821844,148.5057142857143,164.82714285714286,148.5057142857143,SL,148.5057142857143,SL,148.5057142857143,SL,3.05e-05,2,True,0,0.01,0.144,1.055448607024239,0.17469040247678036,3535645988.208914,False
SOLUSDT,1746705600000,1746720000000,1746788400000,160.19,3.347142857142856,0.02089483024622546,156.84285714285716,173.57857142857142,173.57857142857142,TP,173.57857142857142,TP,173.57857142857142,TP,0.0002964,3,True,0,0.01,0.194,1.0327151285337743,0.4951927564641092,3150791016.537313,False
SOLUSDT,1746734400000,1746748800000,1746835200000,164.41,3.451428571428573,0.0209928141319176,160.95857142857142,178.21571428571428,172.74,TIME,172.74,TIME,172.74,TIME,0.00030000000000000003,3,True,0,0.01,0.204,1.0455952141052909,0.5611469806304594,3154292302.891675,False
SOLUSDT,1746763200000,1746777600000,1746864000000,165.04,3.6285714285714294,0.021986012049027084,161.41142857142856,179.5542857142857,172.26,TIME,172.26,TIME,172.26,TIME,0.0004,4,True,0,0.01,0.26,1.1060866978827921,0.5377376071561686,3141432165.981641,False
SOLUSDT,1746777600000,1746792000000,1746802800000,172.26,4.184285714285715,0.024290524290524296,168.07571428571427,188.99714285714285,168.07571428571427,SL,168.07571428571427,SL,168.07571428571427,SL,0.0,0,True,0,0.01,0.39,1.1679961340302514,0.6662797446314568,3188173216.975252,False
SOLUSDT,1747872000000,1747886400000,1747972800000,176.77,4.522142857142855,0.025582071941748344,172.24785714285716,194.85857142857142,184.94,TIME,184.94,TIME,184.94,TIME,0.00030000000000000003,3,True,0,0.01,0.456,1.0934616557052992,0.2692418150488225,3498884048.6518693,False
SOLUSDT,1747886400000,1747900800000,1747987200000,178.46,4.585,0.025692031827860583,173.875,196.8,182.48,TIME,182.48,TIME,182.48,TIME,0.00030000000000000003,3,True,0,0.01,0.46,1.095733216857572,0.2737135108129327,3514122952.2908077,False
SOLUSDT,1747900800000,1747915200000,1748001600000,178.0,4.389999999999999,0.0246629213483146,173.61,195.56,177.87,TIME,177.87,TIME,177.87,TIME,0.00030000000000000003,3,True,0,0.01,0.378,1.0933487261097363,0.26805812793845285,3531099783.421319,False
SOLUSDT,1747958400000,1747972800000,1747983600000,184.94,4.439285714285715,0.02400392405258849,180.50071428571428,202.69714285714286,180.50071428571428,SL,180.50071428571428,SL,180.50071428571428,SL,0.0,0,True,0,0.01,0.334,1.1209072306597299,0.23995977204156893,3501790600.714241,False
SOLUSDT,1748908800000,1748923200000,1748988000000,159.35,3.364999999999997,0.021117037966739863,155.98499999999999,172.80999999999997,155.98499999999999,SL,155.98499999999999,SL,155.98499999999999,SL,7.322e-05,2,True,0,0.01,0.244,1.0363482454925814,0.09489452346595195,3692068852.386922,False
SOLUSDT,1748952000000,1748966400000,1748984400000,162.12,3.5542857142857116,0.021923795424905697,158.5657142857143,176.33714285714285,158.5657142857143,SL,158.5657142857143,SL,158.5657142857143,SL,5.76e-06,1,True,0,0.01,0.288,1.0415319445764726,0.10488652627274586,3713057304.1631775,False
SOLUSDT,1752451200000,1752465600000,1752508800000,167.07,2.9721428571428583,0.0177898058127902,164.09785714285712,178.95857142857142,164.09785714285712,SL,164.09785714285712,SL,164.09785714285712,SL,0.0002,2,True,0,0.01,0.162,1.0357515062093638,0.1394666848530315,3084580556.9865804,False
SOLUSDT,1752465600000,1752480000000,1752508800000,167.22,2.912142857142858,0.01741503921267108,164.30785714285713,178.86857142857144,164.30785714285713,SL,164.30785714285713,SL,164.30785714285713,SL,0.0001,1,True,0,0.01,0.148,1.0295338062825432,0.14441174457600425,3108024621.614793,False
SOLUSDT,1752696000000,1752710400000,1752717600000,173.65,3.7257142857142793,0.021455308296655796,169.92428571428573,188.55285714285714,169.92428571428573,SL,169.92428571428573,SL,169.92428571428573,SL,0.0001,1,True,0,0.01,0.458,1.1800967000803924,0.15245237937213774,3207083917.4539757,False
SOLUSDT,1753056000000,1753070400000,1753149600000,186.71,3.5945714285714274,0.019252163400843163,183.1154285714286,201.08828571428572,201.08828571428572,TP,201.08828571428572,TP,201.08828571428572,TP,0.000329,3,True,0,0.01,0.268,1.0967724940629078,0.3271732177127018,3441057380.8999515,False
SOLUSDT,1753070400000,1753084800000,1753171200000,190.09,3.713571428571427,0.019535858954029286,186.37642857142856,204.9442857142857,198.1,TIME,198.1,TIME,198.1,TIME,0.00022899999999999998,2,True,0,0.01,0.288,1.1036607056917902,0.3525435787975808,3471619194.0726743,False
SOLUSDT,1753084800000,1753099200000,1753185600000,191.58,3.699999999999999,0.0193130806973588,187.88000000000002,206.38,199.94,TIME,199.94,TIME,199.94,TIME,0.000329,3,True,0,0.01,0.276,1.0904802200916328,0.34924994717937885,3501191960.7591944,False
SOLUSDT,1753099200000,1753113600000,1753200000000,196.89,4.233571428571428,0.02150221661116069,192.65642857142856,213.8242857142857,201.85,TIME,201.85,TIME,201.85,TIME,0.000329,3,True,0,0.01,0.45,1.1341301826725796,0.4039791770662484,3550374795.821351,False
SOLUSDT,1753660800000,1753675200000,1753711200000,193.29,3.1585714285714226,0.016341101084233135,190.13142857142856,205.92428571428567,190.13142857142856,SL,190.13142857142856,SL,190.13142857142856,SL,0.0001,1,True,0,0.01,0.068,1.0521135345564667,0.3484721640853914,4061510253.9786606,False
SOLUSDT,1753675200000,1753689600000,1753714800000,192.29,3.086428571428566,0.016050905254711978,189.20357142857142,204.63571428571424,189.20357142857142,SL,189.20357142857142,SL,189.20357142857142,SL,0.0,0,True,0,0.01,0.062,1.0472332919495106,0.3123805623805622,4074620698.396052,False
SOLUSDT,1754553600000,1754568000000,1754586000000,172.76,3.8485714285714283,0.02227698210564615,168.91142857142856,188.1542857142857,168.91142857142856,SL,168.91142857142856,SL,168.91142857142856,SL,4.431e-05,1,True,0,0.01,0.476,1.0897701091541294,0.1426020239433825,4390858254.227522,False
SOLUSDT,1754596800000,1754611200000,1754697600000,175.27,3.4735714285714283,0.01981840262778244,171.79642857142858,189.1642857142857,176.69,TIME,176.69,TIME,176.69,TIME,0.00010662,3,True,0,0.01,0.28,1.0536747163495392,0.15614486443696807,4407525736.62297,False
SOLUSDT,1754611200000,1754625600000,1754712000000,174.63,3.462142857142855,0.019825590432015434,171.16785714285714,188.47857142857143,177.16,TIME,177.16,TIME,177.16,TIME,0.0001424,3,True,0,0.01,0.282,1.0464321752751855,0.15496031746031758,4422588514.795883,False
SOLUSDT,1754625600000,1754640000000,1754726400000,177.04,3.515714285714284,0.01985830482215479,173.5242857142857,191.10285714285712,180.54,TIME,180.54,TIME,180.54,TIME,0.00022585,4,True,0,0.01,0.284,1.07651883322258,0.1576435203347719,4422933057.821081,False
SOLUSDT,1754640000000,1754654400000,1754740800000,177.56,3.5235714285714255,0.01984439867409003,174.0364285714286,191.6542857142857,180.69,TIME,180.69,TIME,180.69,TIME,0.00021388,3,True,0,0.01,0.284,1.0806381298788148,0.15568862275449113,4429693970.897148,False
SOLUSDT,1754654400000,1754668800000,1754755200000,175.15,3.6207142857142816,0.020672076995228557,171.52928571428572,189.63285714285712,180.01,TIME,180.01,TIME,180.01,TIME,0.00018345,2,True,0,0.01,0.35,1.102517741729334,0.13800272886752007,4438793239.009125,False
SOLUSDT,1754668800000,1754683200000,1754769600000,178.41,3.8028571428571394,0.021315269003178854,174.60714285714286,193.62142857142857,182.07,TIME,182.07,TIME,182.07,TIME,0.00026057,3,True,0,0.01,0.402,1.1074137739518177,0.13484289530594062,4439408256.490656,False
SOLUSDT,1754712000000,1754726400000,1754812800000,180.54,3.702142857142856,0.020505942489990343,176.83785714285713,195.3485714285714,178.87,TIME,178.87,TIME,178.87,TIME,0.00017324,2,True,0,0.01,0.34,1.1758030951053613,0.14396147509821322,4443212065.71408,False
SOLUSDT,1754726400000,1754740800000,1754827200000,180.69,3.7457142857142856,0.020730058584948176,176.9442857142857,195.67285714285714,179.9,TIME,179.9,TIME,179.9,TIME,0.00025166,3,True,0,0.01,0.366,1.1864327441680487,0.14687400825134866,4451012301.999502,False
SOLUSDT,1754769600000,1754784000000,1754870400000,179.86,3.6864285714285705,0.020496100141379796,176.17357142857145,194.6057142857143,182.58,TIME,182.58,TIME,182.58,TIME,0.00036962,4,True,0,0.01,0.338,1.1996834540215568,0.09471057276766692,4420162346.213288,False
SOLUSDT,1754784000000,1754798400000,1754809200000,184.91,3.781428571428571,0.02045010313897881,181.12857142857143,200.03571428571428,181.12857142857143,SL,181.12857142857143,SL,181.12857142857143,SL,0.0,0,True,0,0.01,0.336,1.2099451695693688,0.11985948761431775,4432667662.922014,False
SOLUSDT,1758196800000,1758211200000,1758258000000,248.11,4.662142857142856,0.018790628580641067,243.44785714285715,266.75857142857143,243.44785714285715,SL,243.44785714285715,SL,243.44785714285715,SL,0.0001,1,True,0,0.01,0.246,1.051054649534965,0.3947161326587971,6431594984.297835,False
SOLUSDT,1758211200000,1758225600000,1758258000000,248.24,4.951428571428571,0.019946135076653927,243.28857142857143,268.04571428571427,243.28857142857143,SL,243.28857142857143,SL,243.28857142857143,SL,0.0001,1,True,0,0.01,0.362,1.051425080541601,0.40540081521739135,6457323736.36167,False
SOLUSDT,1759075200000,1759089600000,1759176000000,206.09,3.7335714285714334,0.018116218295751534,202.35642857142858,221.02428571428572,212.82,TIME,212.82,TIME,212.82,TIME,7.35e-05,3,True,0,0.01,0.164,1.1003479944196535,0.015872233449992557,5474799755.176064,False
SOLUSDT,1759089600000,1759104000000,1759143600000,210.7,3.6485714285714335,0.017316428232422562,207.05142857142854,225.29428571428573,207.05142857142854,SL,207.05142857142854,SL,207.05142857142854,SL,0.0001,1,True,0,0.01,0.12,1.1377656133073861,0.027905161479168772,5463944556.401184,False
SOLUSDT,1759147200000,1759161600000,1759226400000,209.97,3.712857142857146,0.01768279822287539,206.25714285714287,224.82142857142858,206.25714285714287,SL,206.25714285714287,SL,206.25714285714287,SL,-0.00028562,3,True,0,0.01,0.142,1.1057134935705548,0.04488902159848718,5451015292.787362,False
SOLUSDT,1759176000000,1759190400000,1759219200000,212.59,3.9328571428571473,0.01849972784635753,208.65714285714284,228.32142857142858,208.65714285714284,SL,208.65714285714284,SL,208.65714285714284,SL,-5.066e-05,1,True,0,0.01,0.194,1.1142431970243112,0.04936077792586002,5467858387.562893,False
SOLUSDT,1766404800000,1766419200000,1766430000000,128.03,1.7242857142857164,0.013467825621227184,126.30571428571429,134.92714285714285,126.30571428571429,SL,126.30571428571429,SL,126.30571428571429,SL,5.393e-05,1,True,0,0.01,0.014,1.0515022800527967,0.007555485597355638,2984153155.522652,False
SOLUSDT,1768320000000,1768334400000,1768420800000,144.18,3.068571428571429,0.021282920159324654,141.11142857142858,156.45428571428573,146.76,TIME,146.76,TIME,146.76,TIME,0.00029806,3,True,0,0.01,0.416,1.0280742302905321,0.10728822671069804,2722126064.7645473,False
SOLUSDT,1768334400000,1768348800000,1768435200000,145.47,3.2700000000000022,0.02247886162095279,142.2,158.55,146.62,TIME,146.62,TIME,146.62,TIME,0.00029806,3,True,0,0.01,0.482,1.0312401106476519,0.12504833346222255,2745318093.7946844,False
SOLUSDT,1769544000000,1769558400000,1769644800000,127.12,2.627142857142858,0.020666636698732362,124.49285714285715,137.62857142857143,125.29,TIME,125.29,TIME,125.29,TIME,0.00010769,3,True,0,0.01,0.462,1.0775750877960177,0.015254372653941362,2661955656.3727307,False
SOLUSDT,1769587200000,1769601600000,1769616000000,128.11,1.8814285714285728,0.014686039898747737,126.22857142857144,135.6357142857143,126.22857142857144,SL,126.22857142857144,SL,126.22857142857144,SL,3.305e-05,1,True,0,0.01,0.138,1.088398450900215,0.024636058230683044,2615945761.4122343,False
SOLUSDT,1775592000000,1775606400000,1775660400000,85.53,1.90357142857143,0.022256184129211154,83.62642857142858,93.14428571428572,83.62642857142858,SL,83.62642857142858,SL,83.62642857142858,SL,0.0001,1,True,0,0.01,0.49,1.004072388359412,0.048798430603236964,2013647336.2836335,False
SOLUSDT,1776427200000,1776441600000,1776502800000,89.91,1.8728571428571417,0.020830354163687486,88.03714285714285,97.40142857142857,88.03714285714285,SL,88.03714285714285,SL,88.03714285714285,SL,-6.913e-05,3,True,0,0.01,0.388,1.0618066990359836,0.006718172657037114,1914122108.801373,False
SOLUSDT,1778126400000,1778140800000,1778151600000,90.12,1.423571428571427,0.015796398452856488,88.69642857142858,95.81428571428572,88.69642857142858,SL,88.69642857142858,SL,88.69642857142858,SL,0.0,0,True,0,0.01,0.252,1.1701875874213286,0.129181806791129,1676739286.3851466,False
SOLUSDT,1778256000000,1778270400000,1778356800000,92.57,1.6407142857142867,0.017724038951218393,90.92928571428571,99.13285714285713,93.46,TIME,93.46,TIME,93.46,TIME,0.00015828,3,True,0,0.01,0.408,1.3273240891351674,0.11316897173782325,1646863063.9167101,False
SOLUSDT,1778284800000,1778299200000,1778385600000,93.58,1.5978571428571453,0.017074771776631175,91.98214285714285,99.97142857142858,93.36,TIME,93.36,TIME,93.36,TIME,5.9199999999999975e-06,3,True,0,0.01,0.366,1.3076370160516544,0.1417591801878737,1653337284.2823033,False
SOLUSDT,1778299200000,1778313600000,1778400000000,93.71,1.6271428571428592,0.017363598945073732,92.08285714285714,100.21857142857144,93.39,TIME,93.39,TIME,93.39,TIME,2.3089999999999997e-05,4,True,0,0.01,0.382,1.293840120009846,0.1396084154201629,1661750267.21885,False
SOLUSDT,1778400000000,1778414400000,1778500800000,93.49,1.296428571428572,0.013867029323227854,92.19357142857142,98.67571428571428,95.22,TIME,95.22,TIME,95.22,TIME,0.00011617,3,True,0,0.01,0.158,1.2697884421267287,0.11978917105893627,1638068856.0063834,False
SOLUSDT,1778428800000,1778443200000,1778446800000,96.44,1.4949999999999986,0.015501866445458302,94.945,102.41999999999999,94.945,SL,94.945,SL,94.945,SL,0.0,0,True,0,0.01,0.236,1.2793224130239778,0.12925886898489636,1647126813.8790035,False
SOLUSDT,1778515200000,1778529600000,1778551200000,98.13,1.6749999999999983,0.017069193926424114,96.455,104.82999999999998,96.455,SL,96.455,SL,96.455,SL,3.539e-05,1,True,0,0.01,0.394,1.2253060170423367,0.14117920688452146,1718182399.6208267,False
SOLUSDT,1785153600000,1785168000000,1785193200000,75.23,0.82642857142857,0.010985359184216004,74.40357142857144,78.53571428571428,74.40357142857144,SL,74.40357142857144,SL,74.40357142857144,SL,3.835e-05,1,True,0,0.01,0.042,1.0859676436019052,0.033241758241758346,1340246218.20582,False
DOGEUSDT,1727323200000,1727337600000,1727420400000,0.11343,0.002505000000000001,0.02208410473419731,0.110925,0.12345,0.12345,TP,0.12345,TP,0.12345,TP,0.0002,2,True,0,1.0,0.44,1.1475379526572367,0.07030291591960003,301808062.85398763,False
DOGEUSDT,1727337600000,1727352000000,1727420400000,0.11363,0.002501428571428572,0.022013804201606726,0.11112857142857142,0.12363571428571428,0.12363571428571428,TP,0.12363571428571428,TP,0.12363571428571428,TP,0.0002,2,True,0,1.0,0.436,1.1465917089642357,0.08988009592326152,303820466.82601,False
DOGEUSDT,1727352000000,1727366400000,1727449200000,0.11669,0.002665714285714286,0.0228444107096948,0.11402428571428572,0.12735285714285716,0.12735285714285716,TP,0.12735285714285716,TP,0.12735285714285716,TP,0.0001886,2,True,0,1.0,0.49,1.1082188287292736,0.12331536388140174,308291683.446102,False
DOGEUSDT,1737086400000,1737100800000,1737187200000,0.39534,0.013102142857142868,0.033141455094710545,0.3822378571428572,0.4477485714285715,0.39506,TIME,0.39506,TIME,0.39506,TIME,0.0002,2,True,0,1.0,0.4,1.028720981668897,0.030495751446593333,2470137666.588835,False
DOGEUSDT,1737100800000,1737115200000,1737176400000,0.41124,0.01412000000000001,0.03433518140258732,0.39712,0.46772,0.39712,SL,0.39712,SL,0.39712,SL,0.0002,2,True,0,1.0,0.428,1.048843059966582,0.0560049302827208,2508571928.5843434,False
DOGEUSDT,1737129600000,1737144000000,1737176400000,0.4162,0.014439285714285726,0.03469314203336311,0.4017607142857143,0.4739571428571429,0.4017607142857143,SL,0.4017607142857143,SL,0.4017607142857143,SL,0.0001,1,True,0,1.0,0.434,1.0483251473491135,0.11215327881994552,2522997784.393941,False
DOGEUSDT,1737158400000,1737172800000,1737180000000,0.41124,0.01432142857142858,0.03482498923117542,0.3969185714285714,0.4685257142857143,0.3969185714285714,SL,0.3969185714285714,SL,0.3969185714285714,SL,0.0,0,True,0,1.0,0.434,1.0344448652167415,0.13030452946350035,2485125551.2420254,False
DOGEUSDT,1744459200000,1744473600000,1744552800000,0.16738,0.0042164285714285715,0.025190754997183484,0.16316357142857144,0.1842457142857143,0.16316357142857144,SL,0.16316357142857144,SL,0.16316357142857144,SL,0.00012638,2,True,0,1.0,0.258,1.166677858381049,0.008798891098656059,956095975.8284279,False
DOGEUSDT,1744488000000,1744502400000,1744534800000,0.16757,0.0038814285714285734,0.02316302781779897,0.16368857142857143,0.18309571428571428,0.16368857142857143,SL,0.16368857142857143,SL,0.16368857142857143,SL,0.0001,1,True,0,1.0,0.132,1.1633142968886123,0.014776236904257223,953938299.5123416,False
DOGEUSDT,1746705600000,1746720000000,1746777600000,0.18928,0.004323571428571428,0.022842199009781426,0.18495642857142858,0.2065742857142857,0.2065742857142857,TP,0.2065742857142857,TP,0.2065742857142857,TP,0.0002,2,True,0,1.0,0.256,1.0662133216873806,0.2554884924056511,838207666.3708153,False
DOGEUSDT,1746720000000,1746734400000,1746777600000,0.19091,0.004242857142857141,0.022224383965518523,0.18666714285714286,0.20788142857142855,0.20788142857142855,TP,0.20788142857142855,TP,0.20788142857142855,TP,0.0001,1,True,0,1.0,0.206,1.062753146108922,0.33512833065249303,832123563.375287,False
DOGEUSDT,1746734400000,1746748800000,1746763200000,0.19808,0.004557857142857141,0.023010183475651966,0.19352214285714286,0.21631142857142857,0.19352214285714286,SL,0.19352214285714286,SL,0.19352214285714286,SL,0.0001,1,True,0,1.0,0.274,1.1009740523568894,0.39289732770745434,837012091.8339326,False
DOGEUSDT,1746748800000,1746763200000,1746781200000,0.19351,0.0046514285714285685,0.024037148320131096,0.18885857142857143,0.21211571428571427,0.21211571428571427,TP,0.21211571428571427,TP,0.21211571428571427,TP,0.0001,1,True,0,1.0,0.35,1.1711975406176824,0.394695113161309,834908791.2170767,False
DOGEUSDT,1746763200000,1746777600000,1746864000000,0.20577,0.005430714285714283,0.026392157679517338,0.20033928571428572,0.22749285714285714,0.22414,TIME,0.22414,TIME,0.22414,TIME,0.0004,4,True,0,1.0,0.492,1.2766619422592838,0.4021805792163544,838256735.0774317,False
DOGEUSDT,1754553600000,1754568000000,1754654400000,0.21411,0.005267857142857145,0.0246035082100656,0.20884214285714284,0.23518142857142857,0.22351,TIME,0.22351,TIME,0.22351,TIME,0.0002461,3,True,0,1.0,0.386,1.0331103442223104,0.25304307116104874,2203708078.9492006,False
DOGEUSDT,1754582400000,1754596800000,1754683200000,0.21715,0.005155000000000001,0.023739350679253975,0.21199500000000002,0.23777,0.22905,TIME,0.22905,TIME,0.22905,TIME,0.0002426,3,True,0,1.0,0.372,1.0015402230779955,0.27250351617440227,2214264068.636631,False
DOGEUSDT,1754596800000,1754611200000,1754697600000,0.22217,0.004892142857142859,0.022019817514258716,0.21727785714285713,0.24173857142857144,0.23033,TIME,0.23033,TIME,0.23033,TIME,0.0002426,3,True,0,1.0,0.27,1.0024867767157724,0.3003219198127012,2221799694.387699,False
DOGEUSDT,1754625600000,1754640000000,1754726400000,0.22442,0.005127142857142856,0.02284619399849771,0.21929285714285715,0.24492857142857144,0.2357,TIME,0.2357,TIME,0.2357,TIME,0.00027419,4,True,0,1.0,0.33,1.011775436224505,0.3060405027932962,2235910027.145253,False
DOGEUSDT,1754640000000,1754654400000,1754740800000,0.22351,0.005239999999999999,0.02344414120173594,0.21827,0.24447,0.23767,TIME,0.23767,TIME,0.23767,TIME,0.00017418999999999998,3,True,0,1.0,0.364,1.0276316559509144,0.29032444290497605,2240847769.2700596,False
DOGEUSDT,1754654400000,1754668800000,1754744400000,0.22116,0.005461428571428569,0.02469446812908559,0.21569857142857143,0.24300571428571427,0.24300571428571427,TP,0.24300571428571427,TP,0.24300571428571427,TP,7.769e-05,2,True,0,1.0,0.4,1.038642847507599,0.2787510841283609,2247409982.604213,False
DOGEUSDT,1754668800000,1754683200000,1754769600000,0.22905,0.0058785714285714274,0.02566501387719462,0.22317142857142858,0.2525642857142857,0.24294,TIME,0.24294,TIME,0.24294,TIME,0.00017758999999999999,3,True,0,1.0,0.446,1.0673854825421611,0.2948725196449773,2251406654.2658534,False
DOGEUSDT,1754683200000,1754697600000,1754784000000,0.23033,0.005748571428571427,0.024957979544876597,0.22458142857142857,0.2533242857142857,0.2399,TIME,0.2399,TIME,0.2399,TIME,0.00017758999999999999,3,True,0,1.0,0.416,1.0781021958308528,0.27594039111406565,2244222668.249639,False
DOGEUSDT,1754697600000,1754712000000,1754798400000,0.23017,0.0057592857142857124,0.025021878239065525,0.2244107142857143,0.25320714285714285,0.24256,TIME,0.24256,TIME,0.24256,TIME,0.00022339000000000001,3,True,0,1.0,0.422,1.0924128561752402,0.2770348998501915,2246138994.8703413,False
DOGEUSDT,1754712000000,1754726400000,1754812800000,0.2357,0.006157857142857141,0.026125825807624698,0.22954214285714286,0.26033142857142855,0.23234,TIME,0.23234,TIME,0.23234,TIME,0.00019783000000000002,2,True,0,1.0,0.47,1.1005762595654016,0.29767672318872496,2253253575.022575,False
DOGEUSDT,1754726400000,1754740800000,1754812800000,0.23767,0.006186428571428569,0.02602948866675882,0.23148357142857143,0.26241571428571425,0.23148357142857143,SL,0.23148357142857143,SL,0.23148357142857143,SL,0.00019783000000000002,2,True,0,1.0,0.468,1.0970777024736373,0.3162208561776596,2258308586.139523,False
DOGEUSDT,1754755200000,1754769600000,1754809200000,0.24294,0.006390714285714285,0.026305730985898928,0.2365492857142857,0.26850285714285715,0.2365492857142857,SL,0.2365492857142857,SL,0.2365492857142857,SL,9.793e-05,1,True,0,1.0,0.482,1.1147551036441221,0.30823909531502425,2278007849.920544,False
DOGEUSDT,1757620800000,1757635200000,1757721600000,0.25592,0.006320714285714292,0.024698008306167134,0.2495992857142857,0.28120285714285714,0.27545,TIME,0.27545,TIME,0.27545,TIME,0.0002604,3,True,0,1.0,0.404,1.0649352778747687,0.0856985278520217,1662915221.305247,False
DOGEUSDT,1757635200000,1757649600000,1757736000000,0.26085,0.006598571428571432,0.025296421041101903,0.2542514285714286,0.28724428571428573,0.2802,TIME,0.2802,TIME,0.2802,TIME,0.00030000000000000003,3,True,0,1.0,0.434,1.0730412431545726,0.09564012096774199,1664037585.6181536,False
DOGEUSDT,1757678400000,1757692800000,1757757600000,0.26625,0.006892142857142862,0.02588598256203892,0.25935785714285714,0.29381857142857143,0.29381857142857143,TP,0.29381857142857143,TP,0.29381857142857143,TP,0.00030000000000000003,3,True,0,1.0,0.468,1.0895849720972326,0.10398872211626164,1637407138.911488,False
DOGEUSDT,1757736000000,1757750400000,1757836800000,0.28303,0.007453571428571428,0.02633491654090177,0.27557642857142856,0.31284428571428574,0.29165,TIME,0.29165,TIME,0.29165,TIME,0.0004,4,True,0,1.0,0.496,1.1078699087528292,0.15451764225984088,1648393785.473191,False
DOGEUSDT,1758153600000,1758168000000,1758254400000,0.28286,0.007505714285714294,0.026535085504186855,0.2753542857142857,0.3128828571428572,0.2768,TIME,0.2768,TIME,0.2768,TIME,0.00022731999999999999,3,True,0,1.0,0.494,1.2961807616566792,0.30808361080281177,1882942868.298455,False
DOGEUSDT,1758196800000,1758211200000,1758236400000,0.28646,0.007660714285714291,0.026742701548957238,0.2787992857142857,0.31710285714285713,0.2787992857142857,SL,0.2787992857142857,SL,0.2787992857142857,SL,0.0,0,True,0,1.0,0.498,1.188527385092592,0.3365994774169465,1897033347.398758,False
DOGEUSDT,1775016000000,1775030400000,1775095200000,0.09323,0.0018171428571428564,0.01949096704003922,0.09141285714285714,0.10049857142857142,0.09141285714285714,SL,0.09141285714285714,SL,0.09141285714285714,SL,9.539e-05,2,True,0,1.0,0.274,1.0605694297050592,0.016795724724615546,598451238.5409954,False
DOGEUSDT,1776168000000,1776182400000,1776193200000,0.09537,0.0015028571428571402,0.015758174927725074,0.09386714285714286,0.10138142857142855,0.09386714285714286,SL,0.09386714285714286,SL,0.09386714285714286,SL,0.0001,1,True,0,1.0,0.128,1.0667433748087158,0.004740334983672323,508844636.27532065,False
DOGEUSDT,1777449600000,1777464000000,1777467600000,0.10965,0.0021985714285714295,0.02005081102208326,0.10745142857142857,0.11844428571428571,0.10745142857142857,SL,0.10745142857142857,SL,0.10745142857142857,SL,0.0,0,True,0,1.0,0.468,1.1085148529615279,0.18068267470657906,536491882.0803886,False
DOGEUSDT,1777852800000,1777867200000,1777878000000,0.11292,0.0016707142857142862,0.014795556905014932,0.11124928571428572,0.11960285714285715,0.11124928571428572,SL,0.11124928571428572,SL,0.11124928571428572,SL,0.0,0,True,0,1.0,0.13,1.487206333059538,0.23842948014915555,596151595.076885,False
ADAUSDT,1727323200000,1727337600000,1727424000000,0.3955,0.008242857142857139,0.020841610980675444,0.38725714285714286,0.42847142857142856,0.4077,TIME,0.4077,TIME,0.4077,TIME,0.00030000000000000003,3,True,0,1.0,0.442,1.0272176999507392,0.07445652173913042,128986329.08446334,False
ADAUSDT,1727337600000,1727352000000,1727438400000,0.3966,0.008271428571428568,0.020855846120596492,0.38832857142857147,0.4296857142857143,0.4024,TIME,0.4024,TIME,0.4024,TIME,0.00030000000000000003,3,True,0,1.0,0.446,1.0286662475860404,0.09138453069088914,129473695.00366333,False
ADAUSDT,1727352000000,1727366400000,1727452800000,0.4015,0.008335714285714288,0.02076143035047145,0.39316428571428574,0.4348428571428572,0.4041,TIME,0.4041,TIME,0.4041,TIME,0.00030000000000000003,3,True,0,1.0,0.436,1.0322692025886253,0.10789183222958054,130042416.61984666,False
ADAUSDT,1727395200000,1727409600000,1727434800000,0.4094,0.00769285714285714,0.018790564589294432,0.4017071428571428,0.44017142857142855,0.4017071428571428,SL,0.4017071428571428,SL,0.4017071428571428,SL,0.0001,1,True,0,1.0,0.276,1.08192596791185,0.16273785856290823,128727882.45396,False
ADAUSDT,1727409600000,1727424000000,1727470800000,0.4077,0.00781428571428571,0.019166754266092004,0.3998857142857143,0.4389571428571428,0.3998857142857143,SL,0.3998857142857143,SL,0.3998857142857143,SL,0.0001,1,True,0,1.0,0.312,1.0795748952645916,0.1769119769119769,129273167.74073665,False
ADAUSDT,1729425600000,1729440000000,1729519200000,0.3597,0.0047571428571428764,0.013225306803288508,0.3549428571428571,0.3787285714285715,0.3549428571428571,SL,0.3549428571428571,SL,0.3549428571428571,SL,0.0002,2,True,0,1.0,0.024,1.0408117975542979,0.014954853273137836,130598695.13492002,False
ADAUSDT,1729440000000,1729454400000,1729519200000,0.3599,0.004842857142857161,0.013456118763148544,0.35505714285714285,0.37927142857142865,0.35505714285714285,SL,0.35505714285714285,SL,0.35505714285714285,SL,0.0002,2,True,0,1.0,0.034,1.048421120406362,0.0238975817923186,130532606.00737,False
ADAUSDT,1729454400000,1729468800000,1729515600000,0.3649,0.004807142857142875,0.013173863680851947,0.3600928571428571,0.3841285714285715,0.3600928571428571,SL,0.3600928571428571,SL,0.3600928571428571,SL,0.0001,1,True,0,1.0,0.022,1.0699286381083648,0.036363636363636376,130939445.07943998,False
ADAUSDT,1729468800000,1729483200000,1729508400000,0.3667,0.004750000000000016,0.012953367875647713,0.36195,0.3857000000000001,0.36195,SL,0.36195,SL,0.36195,SL,0.0001,1,True,0,1.0,0.018,1.0522044408434155,0.034122955442752456,131305903.09079,False
ADAUSDT,1729483200000,1729497600000,1729515600000,0.3663,0.005057142857142871,0.013806013806013843,0.36124285714285714,0.3865285714285715,0.36124285714285714,SL,0.36124285714285714,SL,0.36124285714285714,SL,0.0,0,True,0,1.0,0.056,1.0325564473201634,0.03474576271186458,131772361.58357,False
ADAUSDT,1737129600000,1737144000000,1737176400000,1.1378,0.04218571428571427,0.03707656379479194,1.0956142857142857,1.306542857142857,1.0956142857142857,SL,1.0956142857142857,SL,1.0956142857142857,SL,0.0001,1,True,0,1.0,0.482,1.0421085328926598,0.12710521101644523,778092099.5975301,False
ADAUSDT,1737144000000,1737158400000,1737176400000,1.1327,0.03917857142857141,0.03458865668629947,1.0935214285714285,1.2894142857142856,1.0935214285714285,SL,1.0935214285714285,SL,1.0935214285714285,SL,0.0,0,True,0,1.0,0.41,1.0284048333709048,0.1702479338842975,772202345.0238433,False
ADAUSDT,1746144000000,1746158400000,1746212400000,0.7132,0.015557142857142865,0.021813155997115627,0.6976428571428571,0.7754285714285714,0.6976428571428571,SL,0.6976428571428571,SL,0.6976428571428571,SL,0.00014036,2,True,0,1.0,0.12,1.1291061829149127,0.06036277133511736,481556038.88573,False
ADAUSDT,1746662400000,1746676800000,1746759600000,0.7027,0.017485714285714278,0.024883612189717203,0.6852142857142857,0.7726428571428571,0.7726428571428571,TP,0.7726428571428571,TP,0.7726428571428571,TP,0.00030000000000000003,3,True,0,1.0,0.35,1.0819944707026652,0.184822934232715,449871469.33899003,False
ADAUSDT,1746676800000,1746691200000,1746777600000,0.7077,0.017314285714285702,0.02446557257918002,0.6903857142857143,0.7769571428571428,0.7769571428571428,TP,0.7769571428571428,TP,0.7769571428571428,TP,0.00030000000000000003,3,True,0,1.0,0.33,1.0860708772127818,0.21057133082449542,450837347.28048,False
ADAUSDT,1746691200000,1746705600000,1746777600000,0.7192,0.017557142857142844,0.024412045129508963,0.7016428571428571,0.7894285714285714,0.7894285714285714,TP,0.7894285714285714,TP,0.7894285714285714,TP,0.0002,2,True,0,1.0,0.32,1.0925572295800845,0.18797489263296985,451738432.78963995,False
ADAUSDT,1746705600000,1746720000000,1746781200000,0.7313,0.01889999999999999,0.02584438670860111,0.7123999999999999,0.8069,0.8069,TP,0.8069,TP,0.8069,TP,0.00030000000000000003,3,True,0,1.0,0.46,1.0189502028537674,0.23446995273463855,449418604.87487996,False
ADAUSDT,1746734400000,1746748800000,1746835200000,0.7692,0.019957142857142847,0.02594532352722679,0.7492428571428571,0.8490285714285714,0.7771,TIME,0.7771,TIME,0.7771,TIME,0.00030000000000000003,3,True,0,1.0,0.468,1.0378548014511746,0.37867383512544794,449029914.91815,False
ADAUSDT,1747843200000,1747857600000,1747944000000,0.7606,0.017657142857142854,0.023214755268397124,0.7429428571428572,0.8312285714285714,0.802,TIME,0.802,TIME,0.802,TIME,0.00030000000000000003,3,True,0,1.0,0.198,1.0101305038001476,0.22024382418992627,533400600.9172833,False
ADAUSDT,1747872000000,1747886400000,1747972800000,0.7885,0.01803571428571429,0.022873448681945834,0.7704642857142857,0.8606428571428572,0.8379,TIME,0.8379,TIME,0.8379,TIME,0.00030000000000000003,3,True,0,1.0,0.184,1.0218579317476628,0.2646351242983158,534385672.0125566,False
ADAUSDT,1747958400000,1747972800000,1747976400000,0.8379,0.019464285714285705,0.023229843315772415,0.8184357142857143,0.9157571428571428,0.8184357142857143,SL,0.8184357142857143,SL,0.8184357142857143,SL,0.0,0,True,0,1.0,0.214,1.0080367028941997,0.20807498197548657,529428226.06612337,False
ADAUSDT,1747972800000,1747987200000,1748001600000,0.8083,0.021171428571428563,0.026192538131174767,0.7871285714285714,0.8929857142857143,0.7871285714285714,SL,0.7871285714285714,SL,0.7871285714285714,SL,0.0,0,True,0,1.0,0.466,1.0253143506280875,0.15356072498929652,531048471.85575,False
ADAUSDT,1754596800000,1754611200000,1754697600000,0.7871,0.01709285714285715,0.02171624589360583,0.7700071428571429,0.8554714285714287,0.7909,TIME,0.7909,TIME,0.7909,TIME,0.00030000000000000003,3,True,0,1.0,0.308,1.0060602972347383,0.33837782690018714,716990131.8649733,False
ADAUSDT,1754640000000,1754654400000,1754668800000,0.7993,0.017728571428571444,0.02218012189237013,0.7815714285714286,0.8702142857142858,0.7815714285714286,SL,0.7815714285714286,SL,0.7815714285714286,SL,0.0001,1,True,0,1.0,0.35,1.0233482240874656,0.3116691285081241,723799429.9567467,False
ADAUSDT,1754654400000,1754668800000,1754755200000,0.7814,0.018542857142857163,0.023730300925079554,0.7628571428571428,0.8555714285714286,0.8047,TIME,0.8047,TIME,0.8047,TIME,0.0002,2,True,0,1.0,0.452,1.0642527778755584,0.27993447993447984,724252065.44386,False
ADAUSDT,1754712000000,1754726400000,1754812800000,0.8066,0.019542857142857147,0.0242286847791435,0.7870571428571428,0.8847714285714285,0.7941,TIME,0.7941,TIME,0.7941,TIME,0.00018394,2,True,0,1.0,0.494,1.0931743485012764,0.2850087621475226,722376744.3817433,False
ADAUSDT,1754726400000,1754740800000,1754816400000,0.8065,0.01961428571428572,0.02432025507041007,0.7868857142857143,0.8849571428571429,0.7868857142857143,SL,0.7868857142857143,SL,0.7868857142857143,SL,0.00026073000000000003,3,True,0,1.0,0.5,1.1005778466456477,0.27768097576429596,722236064.6603767,False
ADAUSDT,1754755200000,1754769600000,1754812800000,0.8156,0.019621428571428585,0.024057661318573547,0.7959785714285714,0.8940857142857144,0.7959785714285714,SL,0.7959785714285714,SL,0.7959785714285714,SL,0.0001,1,True,0,1.0,0.484,1.1396875716767274,0.2509202453987729,721681854.9379267,False
ADAUSDT,1754784000000,1754798400000,1754809200000,0.8234,0.019342857142857144,0.02349144661508033,0.8040571428571429,0.9007714285714286,0.8040571428571429,SL,0.8040571428571429,SL,0.8040571428571429,SL,0.0,0,True,0,1.0,0.446,1.1833454059985493,0.1983410942956927,718830081.1093801,False
ADAUSDT,1757707200000,1757721600000,1757808000000,0.9169,0.015135714285714277,0.01650748640605767,0.9017642857142858,0.9774428571428572,0.9293,TIME,0.9293,TIME,0.9293,TIME,0.00030000000000000003,3,True,0,1.0,0.09,1.0172531558597362,0.013821318000884597,898656607.83573,False
ADAUSDT,1758153600000,1758168000000,1758178800000,0.9176,0.016285714285714285,0.017748162909453233,0.9013142857142857,0.9827428571428571,0.9013142857142857,SL,0.9013142857142857,SL,0.9013142857142857,SL,0.0,0,True,0,1.0,0.166,1.1529742600305584,0.017071278128810485,689069271.8539467,False
ADAUSDT,1758196800000,1758211200000,1758265200000,0.9268,0.017964285714285717,0.019383130895862882,0.9088357142857142,0.9986571428571428,0.9088357142857142,SL,0.9088357142857142,SL,0.9088357142857142,SL,0.0001,1,True,0,1.0,0.236,1.0755659918326683,0.06480523957256112,668617596.8817767,False
ADAUSDT,1758211200000,1758225600000,1758258000000,0.9298,0.0185,0.0198967519896752,0.9113,1.0038,0.9113,SL,0.9113,SL,0.9113,SL,0.0001,1,True,0,1.0,0.276,1.0554159774535479,0.08902424739369796,662437026.5762366,False
ADAUSDT,1759507200000,1759521600000,1759546800000,0.87,0.0164,0.01885057471264368,0.8536,0.9356,0.8536,SL,0.8536,SL,0.8536,SL,0.0001,1,True,0,1.0,0.216,1.0077154142633244,0.03411387138951616,463363453.04932666,False
ADAUSDT,1775592000000,1775606400000,1775649600000,0.2628,0.006071428571428569,0.02310284844531419,0.2567285714285714,0.2870857142857143,0.2567285714285714,SL,0.2567285714285714,SL,0.2567285714285714,SL,0.0001,1,True,0,1.0,0.462,1.1959740505860146,0.055020080321285025,184814855.87625,False
ADAUSDT,1778270400000,1778284800000,1778371200000,0.2735,0.004842857142857141,0.01770697310002611,0.26865714285714287,0.29287142857142856,0.2707,TIME,0.2707,TIME,0.2707,TIME,0.00015625,2,True,0,1.0,0.272,1.219525549727557,0.09141716566866265,166712856.67125,False
ADAUSDT,1778414400000,1778428800000,1778446800000,0.2815,0.004821428571428572,0.017127632580563313,0.2766785714285714,0.30078571428571427,0.2766785714285714,SL,0.2766785714285714,SL,0.2766785714285714,SL,0.0,0,True,0,1.0,0.228,1.1971614139921312,0.10914105594956647,165504750.16266668,False
ADAUSDT,1778428800000,1778443200000,1778446800000,0.2869,0.005207142857142859,0.018149678832843706,0.28169285714285713,0.3077285714285714,0.28169285714285713,SL,0.28169285714285713,SL,0.28169285714285713,SL,0.0,0,True,0,1.0,0.328,1.2140429649970172,0.11240310077519378,167251136.55449334,False
HBARUSDT,1729425600000,1729440000000,1729526400000,0.05366,0.0010857142857142856,0.020233214418827535,0.05257428571428571,0.05800285714285714,0.05415,TIME,0.05415,TIME,0.05415,TIME,0.00030000000000000003,3,True,0,1.0,0.346,1.1425612393278897,0.03450269853508092,20332291.099639665,False
HBARUSDT,1729440000000,1729454400000,1729540800000,0.05441,0.0011164285714285714,0.020518812193136764,0.053293571428571426,0.05887571428571429,0.05403,TIME,0.05403,TIME,0.05403,TIME,0.00030000000000000003,3,True,0,1.0,0.372,1.136452484089555,0.052214271900986375,20342450.856083,False
HBARUSDT,1729454400000,1729468800000,1729504800000,0.05598,0.001157142857142857,0.02067064768029398,0.054822857142857145,0.06060857142857143,0.054822857142857145,SL,0.054822857142857145,SL,0.054822857142857145,SL,0.0001,1,True,0,1.0,0.378,1.1889893624360288,0.059235427706283206,20496998.154984,False
HBARUSDT,1729468800000,1729483200000,1729515600000,0.05576,0.0011707142857142858,0.02099559335929494,0.05458928571428571,0.06044285714285714,0.05458928571428571,SL,0.05458928571428571,SL,0.05458928571428571,SL,0.0001,1,True,0,1.0,0.392,1.196380778011568,0.05028248587570627,20540564.477069333,False
HBARUSDT,1736625600000,1736640000000,1736672400000,0.29205,0.009462857142857137,0.032401496808276455,0.2825871428571428,0.3299014285714285,0.2825871428571428,SL,0.2825871428571428,SL,0.2825871428571428,SL,0.0001,1,True,0,1.0,0.318,1.1066139249823923,0.002230610844200287,423617761.7973584,False
HBARUSDT,1736899200000,1736913600000,1737000000000,0.29913,0.011262857142857139,0.03765204808229579,0.2878671428571429,0.3441814285714286,0.32661,TIME,0.32661,TIME,0.32661,TIME,0.00030000000000000003,3,True,0,1.0,0.408,1.0721865426838912,0.040669357083217506,404376554.1488233,False
HBARUSDT,1736913600000,1736928000000,1736935200000,0.31202,0.01178428571428571,0.03776772551210086,0.30023571428571433,0.35915714285714284,0.30023571428571433,SL,0.30023571428571433,SL,0.30023571428571433,SL,0.0,0,True,0,1.0,0.408,1.075007799750753,0.10250521182997074,405180488.18839943,False
HBARUSDT,1736942400000,1736956800000,1737036000000,0.31784,0.013134285714285713,0.04132357700190571,0.3047057142857143,0.37037714285714285,0.37037714285714285,TP,0.37037714285714285,TP,0.37037714285714285,TP,0.0002,2,True,0,1.0,0.47,1.1659121270111654,0.13090197473759102,410255593.35122234,False
HBARUSDT,1736971200000,1736985600000,1736989200000,0.3223,0.013212142857142858,0.04099330703426267,0.30908785714285714,0.3751485714285714,0.30908785714285714,SL,0.30908785714285714,SL,0.30908785714285714,SL,0.0,0,True,0,1.0,0.46,1.1563809122609159,0.14120772091375966,411766538.610206,False
HBARUSDT,1737720000000,1737734400000,1737763200000,0.34021,0.013089285714285716,0.03847413572289385,0.3271207142857143,0.3925671428571429,0.3271207142857143,SL,0.3271207142857143,SL,0.3271207142857143,SL,0.0001,1,True,0,1.0,0.322,1.085941888388601,0.08761947383562951,420506803.91722137,False
HBARUSDT,1745582400000,1745596800000,1745625600000,0.19881,0.0063371428571428546,0.03187537275359818,0.19247285714285714,0.2241585714285714,0.19247285714285714,SL,0.19247285714285714,SL,0.19247285714285714,SL,4.799e-05,1,True,0,1.0,0.428,1.1246201874116868,0.02797166640814841,120595324.92068833,False
HBARUSDT,1746849600000,1746864000000,1746950400000,0.2082,0.005965,0.028650336215177714,0.202235,0.23206,0.20486,TIME,0.20486,TIME,0.20486,TIME,0.0002,2,True,0,1.0,0.474,1.0189134120323198,0.22744427408892554,86329082.48469667,False
HBARUSDT,1746907200000,1746921600000,1746925200000,0.2191,0.006373571428571427,0.02908978287800743,0.21272642857142857,0.2445942857142857,0.21272642857142857,SL,0.21272642857142857,SL,0.21272642857142857,SL,0.0,0,True,0,1.0,0.49,1.016259276217402,0.3060920362422508,84369507.85200067,False
HBARUSDT,1755878400000,1755892800000,1755918000000,0.25556,0.006487857142857136,0.025386825570735388,0.24907214285714288,0.2815114285714286,0.24907214285714288,SL,0.24907214285714288,SL,0.24907214285714288,SL,0.0001,1,True,0,1.0,0.46,1.1111271758051748,0.0317344961240309,205508364.8640367,False
HBARUSDT,1755892800000,1755907200000,1755918000000,0.25695,0.006128571428571422,0.02385122174964554,0.2508214285714286,0.2814642857142857,0.2508214285714286,SL,0.2508214285714286,SL,0.2508214285714286,SL,0.0001,1,True,0,1.0,0.408,1.12050191951059,0.04809104258443475,204601718.43433332,False
HBARUSDT,1758153600000,1758168000000,1758254400000,0.24575,0.00449714285714286,0.018299665746257823,0.24125285714285713,0.26373857142857143,0.24481,TIME,0.24481,TIME,0.24481,TIME,0.00030000000000000003,3,True,0,1.0,0.172,1.1169117296090025,0.032171356572868515,114134556.624685,False
HBARUSDT,1758168000000,1758182400000,1758268800000,0.24607,0.004645000000000002,0.01887674239037673,0.241425,0.26465,0.24428,TIME,0.24428,TIME,0.24428,TIME,0.00030000000000000003,3,True,0,1.0,0.204,1.1207997687419078,0.029323182464653375,114151752.084474,False
HBARUSDT,1758182400000,1758196800000,1758258000000,0.24783,0.004896428571428573,0.019757206841095,0.24293357142857142,0.2674157142857143,0.24293357142857142,SL,0.24293357142857142,SL,0.24293357142857142,SL,0.0002,2,True,0,1.0,0.258,1.0380080473820343,0.024049586776859533,115037910.04586434,False
HBARUSDT,1769184000000,1769198400000,1769263200000,0.11017,0.002497857142857141,0.022672752499384052,0.10767214285714287,0.12016142857142857,0.10767214285714287,SL,0.10767214285714287,SL,0.10767214285714287,SL,-4.108e-05,2,True,0,1.0,0.354,1.053745507511072,0.009530791788856297,51563344.02979134,False
HBARUSDT,1778256000000,1778270400000,1778356800000,0.09254,0.0015557142857142842,0.016811263083145497,0.09098428571428571,0.09876285714285714,0.09281,TIME,0.09281,TIME,0.09281,TIME,6.594e-05,3,True,0,1.0,0.474,1.2232499564930255,0.03617021276595733,25155786.420053996,False
HBARUSDT,1778284800000,1778299200000,1778320800000,0.0942,0.0015442857142857133,0.016393691234455554,0.09265571428571429,0.10037714285714286,0.09265571428571429,SL,0.09265571428571429,SL,0.09265571428571429,SL,-1.449e-05,1,True,0,1.0,0.44,1.1916294691812177,0.051098962400981884,25314383.059179664,False
HBARUSDT,1778400000000,1778414400000,1778500800000,0.0951,0.0014085714285714287,0.01481147664112964,0.09369142857142858,0.10073428571428572,0.09661,TIME,0.09661,TIME,0.09661,TIME,0.00010457,3,True,0,1.0,0.304,1.183017382965489,0.07701891493940427,25318245.30636067,False
HBARUSDT,1778414400000,1778428800000,1778515200000,0.09593,0.0014571428571428582,0.015189647212997584,0.09447285714285714,0.10175857142857143,0.09723,TIME,0.09723,TIME,0.09723,TIME,0.00029392,3,True,0,1.0,0.34,1.185909592862544,0.07726864330637939,25528520.291272,False
HBARUSDT,1778428800000,1778443200000,1778446800000,0.09858,0.0016500000000000006,0.01673767498478394,0.09693,0.10518000000000001,0.09693,SL,0.09693,SL,0.09693,SL,0.0,0,True,0,1.0,0.494,1.2476842486179711,0.09205716184778989,26096059.748344667,False
SUIUSDT,1728259200000,1728273600000,1728320400000,1.8935,0.06220714285714286,0.03285299332302237,1.831292857142857,2.1423285714285716,2.1423285714285716,TP,2.1423285714285716,TP,2.1423285714285716,TP,-3.820000000000001e-05,2,True,0,0.1,0.278,1.1094761604802232,1.2750210260723294,922443010.39731,False
SUIUSDT,1728288000000,1728302400000,1728388800000,1.9629,0.05970714285714285,0.03041782202717553,1.9031928571428574,2.2017285714285713,2.0344,TIME,2.0344,TIME,2.0344,TIME,0.000234,3,True,0,0.1,0.182,1.062479027125271,1.2696265464215517,933037858.1434898,False
SUIUSDT,1728302400000,1728316800000,1728345600000,2.081,0.07062857142857142,0.03393972677970755,2.0103714285714287,2.3635142857142855,2.0103714285714287,SL,2.0103714285714287,SL,2.0103714285714287,SL,0.000134,2,True,0,0.1,0.33,1.0882732054749757,1.3867415988072027,951523723.8213456,False
SUIUSDT,1728316800000,1728331200000,1728345600000,2.1072,0.07574285714285714,0.03594478793795422,2.031457142857143,2.4101714285714286,2.031457142857143,SL,2.031457142857143,SL,2.031457142857143,SL,0.0001,1,True,0,0.1,0.424,1.0857908988816434,1.3181518151815181,962125429.3965123,False
SUIUSDT,1728720000000,1728734400000,1728820800000,2.1227,0.07756428571428575,0.03654038993465197,2.0451357142857143,2.432957142857143,2.1651,TIME,2.1651,TIME,2.1651,TIME,0.00029501,3,True,0,0.1,0.408,1.0107653958061786,1.0410576923076924,1069349304.1108271,False
SUIUSDT,1730160000000,1730174400000,1730260800000,1.8782,0.07350714285714288,0.039137015683709336,1.8046928571428573,2.1722285714285716,2.083,TIME,2.083,TIME,2.083,TIME,8.055e-05,3,True,0,0.1,0.49,1.3003044901000866,0.11838265944143389,1072091156.1784229,False
SUIUSDT,1731153600000,1731168000000,1731193200000,2.3792,0.08491428571428575,0.03569026803727545,2.294285714285714,2.718857142857143,2.718857142857143,TP,2.718857142857143,TP,2.718857142857143,TP,0.0,0,True,0,0.1,0.336,1.1372139209652345,0.31389441130991824,916751308.077056,False
SUIUSDT,1731168000000,1731182400000,1731207600000,2.4819,0.09317142857142861,0.037540363661480565,2.3887285714285715,2.8545857142857143,2.8545857142857143,TP,2.8545857142857143,TP,2.8545857142857143,TP,0.0001,1,True,0,0.1,0.46,1.133535145037379,0.37430786267995586,918711515.3854498,False
SUIUSDT,1734307200000,1734321600000,1734393600000,4.7555,0.15157857142857165,0.0318743710290341,4.603921428571428,5.361814285714286,4.603921428571428,SL,4.603921428571428,SL,4.603921428571428,SL,0.00010114,3,True,0,0.1,0.14,1.0434100359723149,0.22426754544050254,1141280692.8954837,False
SUIUSDT,1736971200000,1736985600000,1737007200000,4.8352,0.1772928571428572,0.03666711969367496,4.657907142857143,5.544371428571429,4.657907142857143,SL,4.657907142857143,SL,4.657907142857143,SL,0.0,0,True,0,0.1,0.388,1.0317679124754486,0.04533661953560775,1131403999.4555016,False
SUIUSDT,1737043200000,1737057600000,1737068400000,5.0043,0.16680000000000014,0.03333133505185543,4.8374999999999995,5.6715,4.8374999999999995,SL,4.8374999999999995,SL,4.8374999999999995,SL,0.0,0,True,0,0.1,0.23,1.1271898849323605,0.07802671262386895,1142046497.1239915,False
SUIUSDT,1737057600000,1737072000000,1737158400000,4.7476,0.17847142857142867,0.03759192614614303,4.569128571428571,5.461485714285715,4.8376,TIME,4.8376,TIME,4.8376,TIME,0.0004,4,True,0,0.1,0.42,1.1620489804488194,0.02358622771273966,1145677994.3554463,False
SUIUSDT,1738296000000,1738310400000,1738396800000,4.1615,0.16110000000000002,0.03871200288357564,4.0004,4.8059,4.0358,TIME,4.0358,TIME,4.0358,TIME,0.00021229000000000002,3,True,0,0.1,0.464,1.0615840774842735,0.005314523142332606,1077014229.2992315,False
SUIUSDT,1744459200000,1744473600000,1744560000000,2.3169,0.07208571428571424,0.031113001979245648,2.244814285714286,2.6052428571428567,2.2622,TIME,2.2622,TIME,2.2622,TIME,-6.176e-05,3,True,0,0.1,0.184,1.12597069637207,0.047042342627321654,657302694.4912021,False
SUIUSDT,1744488000000,1744502400000,1744552800000,2.3454,0.06967142857142854,0.029705563473790626,2.2757285714285715,2.624085714285714,2.2757285714285715,SL,2.2757285714285715,SL,2.2757285714285715,SL,-0.00015259,1,True,0,0.1,0.126,1.1283674309026375,0.08477868738726246,658764729.4007273,False
SUIUSDT,1744502400000,1744516800000,1744524000000,2.4092,0.07380714285714284,0.030635539953985904,2.335392857142857,2.704428571428571,2.335392857142857,SL,2.335392857142857,SL,2.335392857142857,SL,0.0,0,True,0,0.1,0.168,1.1269316382872931,0.10976508521418715,660712287.299088,False
SUIUSDT,1745827200000,1745841600000,1745848800000,3.7895,0.13032142857142856,0.03439013816372307,3.6591785714285714,4.310785714285714,3.6591785714285714,SL,3.6591785714285714,SL,3.6591785714285714,SL,0.0,0,True,0,0.1,0.372,1.1979211377526493,0.6432629342122382,961179996.3759015,False
SUIUSDT,1746720000000,1746734400000,1746820800000,3.9168,0.13501428571428573,0.03447055905695612,3.7817857142857143,4.456857142857142,3.8971,TIME,3.8971,TIME,3.8971,TIME,0.00030000000000000003,3,True,0,0.1,0.426,1.0053733919877663,0.9793309076207803,1118998622.8399413,False
SUIUSDT,1746734400000,1746748800000,1746763200000,4.0354,0.1442142857142857,0.0357372963558224,3.8911857142857142,4.612257142857143,3.8911857142857142,SL,3.8911857142857142,SL,3.8911857142857142,SL,0.0001,1,True,0,0.1,0.488,1.0152801311254647,1.0910409865796153,1130727005.3530881,False
SUIUSDT,1747843200000,1747857600000,1747922400000,3.9097,0.11432142857142859,0.0292404605395372,3.7953785714285715,4.366985714285715,3.7953785714285715,SL,3.7953785714285715,SL,3.7953785714285715,SL,0.00019512000000000002,2,True,0,0.1,0.19,1.0019941384233677,0.7797705753823743,1408345054.0485144,False
SUIUSDT,1747872000000,1747886400000,1747915200000,4.0493,0.11167142857142862,0.027577958800639277,3.9376285714285713,4.495985714285714,3.9376285714285713,SL,3.9376285714285713,SL,3.9376285714285713,SL,0.0001,1,True,0,0.1,0.144,1.0125420837302233,0.8163997667429237,1412719414.8419347,False
SUIUSDT,1747886400000,1747900800000,1747911600000,4.1715,0.11840714285714286,0.0283847879317135,4.0530928571428575,4.645128571428572,4.0530928571428575,SL,4.0530928571428575,SL,4.0530928571428575,SL,0.0,0,True,0,0.1,0.176,1.027617749001696,0.8270847932725998,1416375305.0298219,False
SUIUSDT,1747900800000,1747915200000,1747922400000,4.0366,0.1314357142857143,0.03256099546294265,3.9051642857142856,4.562342857142857,3.9051642857142856,SL,3.9051642857142856,SL,3.9051642857142856,SL,0.0,0,True,0,0.1,0.336,1.0482808698770862,0.7352018226368053,1440327481.5699372,False
SUIUSDT,1752451200000,1752465600000,1752552000000,3.8293,0.10945000000000002,0.028582247408142487,3.71985,4.2671,3.8916,TIME,3.8916,TIME,3.8916,TIME,0.00029249,3,True,0,0.1,0.464,1.2818726174759627,0.264129143008055,657768873.1454977,False
SUIUSDT,1752465600000,1752480000000,1752508800000,3.9416,0.10605,0.02690531763750761,3.83555,4.3658,3.83555,SL,3.83555,SL,3.83555,SL,0.0001,1,True,0,0.1,0.366,1.283628835101331,0.3029321344748934,667064367.4241018,False
SUIUSDT,1752480000000,1752494400000,1752508800000,3.9498,0.10629285714285716,0.026910946666377323,3.8435071428571432,4.3749714285714285,3.8435071428571432,SL,3.8435071428571432,SL,3.8435071428571432,SL,0.0001,1,True,0,0.1,0.366,1.2852296442366924,0.30541692831410927,674573955.429922,False
SUIUSDT,1752494400000,1752508800000,1752595200000,3.8777,0.11336428571428571,0.029234929394817987,3.764335714285714,4.331157142857143,3.9562,TIME,3.9562,TIME,3.9562,TIME,0.00026325000000000003,3,True,0,0.1,0.482,1.3058674125143788,0.32662835249042144,681259291.4386137,False
SUIUSDT,1753660800000,1753675200000,1753711200000,4.2861,0.12466428571428557,0.029085715618927595,4.161435714285715,4.784757142857143,4.161435714285715,SL,4.161435714285715,SL,4.161435714285715,SL,0.0001592,1,True,0,0.1,0.488,1.0964952364376226,0.5881502890173411,916827130.4847956,False
SUIUSDT,1754553600000,1754568000000,1754654400000,3.7082,0.10540000000000004,0.028423493878431592,3.6028000000000002,4.1298,3.838,TIME,3.838,TIME,3.838,TIME,0.00030000000000000003,3,True,0,0.1,0.48,1.0441688575543986,0.28410153409287653,1064280575.2833972,False
SUIUSDT,1754568000000,1754582400000,1754668800000,3.7323,0.10412142857142863,0.0278973899663555,3.6281785714285713,4.148785714285714,3.75,TIME,3.75,TIME,3.75,TIME,0.0004,4,True,0,0.1,0.456,1.0347396062199457,0.29989900045275664,1069443018.2194445,False
SUIUSDT,1754596800000,1754611200000,1754697600000,3.7885,0.09433571428571431,0.02490054488206792,3.694164285714286,4.165842857142858,3.8386,TIME,3.8386,TIME,3.8386,TIME,0.00030000000000000003,3,True,0,0.1,0.256,1.0380519506627084,0.30948430803262816,1074749236.8411863,False
SUIUSDT,1754611200000,1754625600000,1754712000000,3.773,0.09605000000000007,0.025457195865359147,3.67695,4.1572000000000005,3.8781,TIME,3.8781,TIME,3.8781,TIME,0.00030000000000000003,3,True,0,0.1,0.296,1.0276913695087277,0.30309100328095306,1079818976.7222273,False
SUIUSDT,1754625600000,1754640000000,1754668800000,3.852,0.09946428571428578,0.025821465657914273,3.752535714285714,4.249857142857143,3.752535714285714,SL,3.752535714285714,SL,3.752535714285714,SL,0.0002,2,True,0,0.1,0.308,1.0459097431801252,0.31746357479991794,1082337324.6595368,False
SUIUSDT,1754640000000,1754654400000,1754668800000,3.838,0.10238571428571437,0.02667684061639249,3.7356142857142856,4.247542857142857,3.7356142857142856,SL,3.7356142857142856,SL,3.7356142857142856,SL,0.0001,1,True,0,0.1,0.368,1.0534657712307325,0.3070426372428825,1084879950.3031487,False
SUIUSDT,1754697600000,1754712000000,1754798400000,3.8781,0.1057785714285715,0.02727587515241265,3.7723214285714284,4.301214285714286,3.9564,TIME,3.9564,TIME,3.9564,TIME,0.00030000000000000003,3,True,0,0.1,0.418,1.115094177959793,0.24963748267972807,1087239121.161713,False
SUIUSDT,1754798400000,1754812800000,1754899200000,3.8235,0.1059714285714286,0.027715817594201282,3.7175285714285717,4.2473857142857145,3.8315,TIME,3.8315,TIME,3.8315,TIME,0.0004,4,True,0,0.1,0.452,1.1465939076197151,0.09750846776508415,1074277152.033037,False
SUIUSDT,1755878400000,1755892800000,1755918000000,3.7306,0.10072857142857138,0.02700063566948249,3.6298714285714286,4.133514285714285,3.6298714285714286,SL,3.6298714285714286,SL,3.6298714285714286,SL,0.0001,1,True,0,0.1,0.434,1.1608301560984262,0.009060910959645119,972101870.2370943,False
SUIUSDT,1755892800000,1755907200000,1755918000000,3.7599,0.09331428571428566,0.02481828924021534,3.6665857142857146,4.133157142857143,3.6665857142857146,SL,3.6665857142857146,SL,3.6665857142857146,SL,0.0001,1,True,0,0.1,0.282,1.1639018957547829,0.01154125527965344,968012720.1280146,False
SUIUSDT,1758139200000,1758153600000,1758240000000,3.7706,0.07275714285714281,0.019295905918724557,3.697842857142857,4.061628571428571,3.8879,TIME,3.8879,TIME,3.8879,TIME,0.0004,4,True,0,0.1,0.174,1.0460536579516129,0.047128415907576215,660218525.8339744,False
SUIUSDT,1758153600000,1758168000000,1758254400000,3.8189,0.07402857142857136,0.01938478918761197,3.744871428571429,4.1150142857142855,3.8374,TIME,3.8374,TIME,3.8374,TIME,0.00030000000000000003,3,True,0,0.1,0.18,1.054314512530144,0.08636531732711306,660140107.0701607,False
SUIUSDT,1758182400000,1758196800000,1758268800000,3.8761,0.08290714285714282,0.02138931989813029,3.7931928571428575,4.2077285714285715,3.7931928571428575,SL,3.7931928571428575,SL,3.7931928571428575,SL,0.0002,2,True,0,0.1,0.272,1.028302248322906,0.06302279022570834,660462738.9029205,False
SUIUSDT,1758196800000,1758211200000,1758240000000,3.9531,0.08607857142857138,0.02177495419508016,3.867021428571429,4.297414285714286,3.867021428571429,SL,3.867021428571429,SL,3.867021428571429,SL,0.0001,1,True,0,0.1,0.298,1.0380746843424922,0.13295311246130925,657076699.5784175,False
SUIUSDT,1758211200000,1758225600000,1758240000000,3.9503,0.08624999999999997,0.0218337847758398,3.8640499999999998,4.2953,3.8640499999999998,SL,3.8640499999999998,SL,3.8640499999999998,SL,0.0001,1,True,0,0.1,0.308,1.0384145409786432,0.148042663256706,655599650.3247082,False
SUIUSDT,1759305600000,1759320000000,1759406400000,3.4179,0.07818571428571437,0.02287536624410146,3.3397142857142854,3.7306428571428576,3.5556,TIME,3.5556,TIME,3.5556,TIME,0.00028499,3,True,0,0.1,0.346,1.005279180559043,0.049013289138507776,600271277.7319273,False
SUIUSDT,1759320000000,1759334400000,1759420800000,3.4881,0.08145714285714296,0.02335286914284079,3.4066428571428573,3.8139285714285722,3.5514,TIME,3.5514,TIME,3.5514,TIME,0.00024562,3,True,0,0.1,0.368,1.0126662626760097,0.08329709919870787,601987819.6502233,False
SUIUSDT,1759420800000,1759435200000,1759456800000,3.6131,0.0847500000000001,0.023456311754449115,3.52835,3.9521000000000006,3.52835,SL,3.52835,SL,3.52835,SL,0.0001,1,True,0,0.1,0.38,1.0245302937224665,0.10923157216099244,601768311.4088726,False
SUIUSDT,1759507200000,1759521600000,1759572000000,3.5848,0.07832142857142858,0.021848200337934776,3.5064785714285716,3.898085714285714,3.5064785714285716,SL,3.5064785714285716,SL,3.5064785714285716,SL,0.00015993,2,True,0,0.1,0.306,1.074795891534575,0.055501575243647405,603248069.5879695,False
SUIUSDT,1759622400000,1759636800000,1759683600000,3.642,0.07024285714285715,0.019286891033184282,3.571757142857143,3.9229714285714286,3.571757142857143,SL,3.571757142857143,SL,3.571757142857143,SL,0.00011237,2,True,0,0.1,0.166,1.0626666605921924,0.09198848644758928,602800046.628702,False
SUIUSDT,1759636800000,1759651200000,1759658400000,3.682,0.07070000000000001,0.019201520912547534,3.6113,3.9648,3.6113,SL,3.6113,SL,3.6113,SL,8.591e-05,1,True,0,0.1,0.16,1.0525579822307538,0.08501547075291005,603828745.1098523,False
SUIUSDT,1759651200000,1759665600000,1759694400000,3.6116,0.07406428571428572,0.020507333512649717,3.5375357142857142,3.907857142857143,3.5375357142857142,SL,3.5375357142857142,SL,3.5375357142857142,SL,2.646e-05,1,True,0,0.1,0.224,1.0859021223156715,0.06571453864085686,605495105.0387683,False
SUIUSDT,1767398400000,1767412800000,1767427200000,1.6733,0.034949999999999974,0.020886870256379593,1.63835,1.8131,1.63835,SL,1.63835,SL,1.63835,SL,6.157e-05,1,True,0,0.1,0.156,1.0607831072091192,0.00029890004782395785,315315045.103786,False
SUIUSDT,1767484800000,1767499200000,1767585600000,1.7035,0.045028571428571404,0.02643297412889428,1.6584714285714286,1.8836142857142857,1.703,TIME,1.703,TIME,1.703,TIME,3.203e-05,3,True,0,0.1,0.318,1.115292622102345,0.03273520853540246,313570353.6592983,False
SUIUSDT,1767513600000,1767528000000,1767614400000,1.6971,0.04499999999999999,0.026515821106593594,1.6521000000000001,1.8771,1.6843,TIME,1.6843,TIME,1.6843,TIME,1.167e-05,3,True,0,0.1,0.322,1.1173779106778117,0.04675548976067123,313205807.04141164,False
SUIUSDT,1767542400000,1767556800000,1767596400000,1.7067,0.04643571428571428,0.02720789493508776,1.6602642857142857,1.8924428571428573,1.6602642857142857,SL,1.6602642857142857,SL,1.6602642857142857,SL,8.9e-06,1,True,0,0.1,0.36,1.101459284465409,0.08900657181139549,309421696.81701034,False
SUIUSDT,1767628800000,1767643200000,1767729600000,1.8365,0.04890714285714283,0.026630625024308647,1.7875928571428572,2.0321285714285713,1.8489,TIME,1.8489,TIME,1.8489,TIME,0.00010152,3,True,0,0.1,0.336,1.2046394288058984,0.1926099097343983,316398092.58589673,False
SUIUSDT,1767643200000,1767657600000,1767718800000,1.8992,0.05399285714285711,0.02842926344927186,1.8452071428571428,2.1151714285714283,1.8452071428571428,SL,1.8452071428571428,SL,1.8452071428571428,SL,0.00010152,3,True,0,0.1,0.408,1.2119092099252406,0.21525467110314822,321975382.0376623,False
SUIUSDT,1775016000000,1775030400000,1775095200000,0.8975,0.02023571428571427,0.022546756864305594,0.8772642857142857,0.9784428571428571,0.8772642857142857,SL,0.8772642857142857,SL,0.8772642857142857,SL,2.8249999999999995e-05,2,True,0,0.1,0.266,1.061258980948674,0.010698198198198172,185015204.0928623,False
SUIUSDT,1778054400000,1778068800000,1778076000000,1.0297,0.020778571428571424,0.02017924776980812,1.0089214285714285,1.1128142857142858,1.0089214285714285,SL,1.0089214285714285,SL,1.0089214285714285,SL,0.0,0,True,0,0.1,0.358,1.035284475324171,0.13818262215343813,136745086.4549917,False
SUSDT,1756051200000,1756065600000,1756069200000,0.3471,0.010285714285714296,0.02963328806025438,0.33681428571428573,0.3882428571428572,0.33681428571428573,SL,0.33681428571428573,SL,0.33681428571428573,SL,5e-05,1,True,0,1.0,0.382,1.0411750160360393,0.06439742410303584,45674575.54785,False
SUSDT,1757750400000,1757764800000,1757772000000,0.3241,0.005557142857142867,0.01714638339136954,0.3185428571428571,0.3463285714285715,0.3185428571428571,SL,0.3185428571428571,SL,0.3185428571428571,SL,5e-05,1,True,0,1.0,0.068,1.205298732185422,0.017257609036711585,35914745.048033334,False
SUSDT,1757764800000,1757779200000,1757786400000,0.321,0.006014285714285722,0.018736092567868293,0.3149857142857143,0.3450571428571429,0.3149857142857143,SL,0.3149857142857143,SL,0.3149857142857143,SL,0.0,0,True,0,1.0,0.122,1.1682723921677316,0.04119364255595204,35561259.01957667,False
SUSDT,1775592000000,1775606400000,1775624400000,0.04403,0.0010957142857142867,0.024885629927646757,0.042934285714285716,0.048412857142857146,0.042934285714285716,SL,0.042934285714285716,SL,0.042934285714285716,SL,5e-05,1,True,0,1.0,0.302,1.1464464731523731,0.14385873799013238,6175641.216020667,False
SUSDT,1775606400000,1775620800000,1775689200000,0.04312,0.0011685714285714296,0.027100450569838352,0.04195142857142857,0.04779428571428572,0.04195142857142857,SL,0.04195142857142857,SL,0.04195142857142857,SL,0.00025,5,True,0,1.0,0.4,1.1593317157476406,0.0949720670391061,6219195.313318667,False
SUSDT,1777867200000,1777881600000,1777892400000,0.0446,0.0008357142857142844,0.018737988468930142,0.043764285714285714,0.04794285714285714,0.043764285714285714,SL,0.043764285714285714,SL,0.043764285714285714,SL,0.0,0,True,0,1.0,0.058,1.0431360410889812,0.0759768451519538,4956446.046474666,False
